EmpID,MarriedID,MaritalStatusID,GenderID,EmpStatusID,DeptID,PerfScoreID,FromDiversityJobFairID,Salary,Termd,PositionID,Zip,ManagerID,EngagementSurvey,EmpSatisfaction,SpecialProjectsCount,DaysLateLast30,Absences,Employee_Name,Position,State,DOB,Sex,MaritalDesc,CitizenDesc,HispanicLatino,RaceDesc,DateofHire,DateofTermination,TermReason,EmploymentStatus,Department,ManagerName,RecruitmentSource,PerformanceScore,LastPerformanceReview_Date
10026.0,0.0,0.0,1.0,1.0,5.0,4.0,0.0,62506.0,0.0,19.0,1960.0,22.0,4.6,5.0,0.0,0.0,1.0,"Adinolfi, Wilson  K",Production Technician I,MA,07/10/83,M ,Single,US Citizen,No,White,7/5/2011,0,N/A-StillEmployed,Active,Production       ,Michael Albert,LinkedIn,Exceeds,1/17/2019
10084.0,1.0,1.0,1.0,5.0,3.0,3.0,0.0,104437.0,1.0,27.0,2148.0,4.0,4.96,3.0,6.0,0.0,17.0,"Ait Sidi, Karthikeyan   ",Sr. DBA,MA,05/05/75,M ,Married,US Citizen,No,White,3/30/2015,6/16/2016,career change,Voluntarily Terminated,IT/IS,Simon Roup,Indeed,Fully Meets,2/24/2016
10196.0,1.0,1.0,0.0,5.0,5.0,3.0,0.0,64955.0,1.0,20.0,1810.0,20.0,3.02,3.0,0.0,0.0,3.0,"Akinkuolie, Sarah",Production Technician II,MA,09/19/88,F,Married,US Citizen,No,White,7/5/2011,9/24/2012,hours,Voluntarily Terminated,Production       ,Kissy Sullivan,LinkedIn,Fully Meets,5/15/2012
10088.0,1.0,1.0,0.0,1.0,5.0,3.0,0.0,64991.0,0.0,19.0,1886.0,16.0,4.84,5.0,0.0,0.0,15.0,"Alagbe,Trina",Production Technician I,MA,09/27/88,F,Married,US Citizen,No,White,1/7/2008,0,N/A-StillEmployed,Active,Production       ,Elijiah Gray,Indeed,Fully Meets,1/3/2019
10069.0,0.0,2.0,0.0,5.0,5.0,3.0,0.0,50825.0,1.0,19.0,2169.0,39.0,5.0,4.0,0.0,0.0,2.0,"Anderson, Carol ",Production Technician I,MA,09/08/89,F,Divorced,US Citizen,No,White,7/11/2011,9/6/2016,return to school,Voluntarily Terminated,Production       ,Webster Butler,Google Search,Fully Meets,2/1/2016
10002.0,0.0,0.0,0.0,1.0,5.0,4.0,0.0,57568.0,0.0,19.0,1844.0,11.0,5.0,5.0,0.0,0.0,15.0,"Anderson, Linda  ",Production Technician I,MA,05/22/77,F,Single,US Citizen,No,White,1/9/2012,0,N/A-StillEmployed,Active,Production       ,Amy Dunn,LinkedIn,Exceeds,1/7/2019
10194.0,0.0,0.0,0.0,1.0,4.0,3.0,0.0,95660.0,0.0,24.0,2110.0,10.0,3.04,3.0,4.0,0.0,19.0,"Andreola, Colby",Software Engineer,MA,05/24/79,F,Single,US Citizen,No,White,11/10/2014,0,N/A-StillEmployed,Active,Software Engineering,Alex Sweetwater,LinkedIn,Fully Meets,1/2/2019
10062.0,0.0,4.0,1.0,1.0,5.0,3.0,0.0,59365.0,0.0,19.0,2199.0,19.0,5.0,4.0,0.0,0.0,19.0,"Athwal, Sam",Production Technician I,MA,02/18/83,M ,Widowed,US Citizen,No,White,9/30/2013,0,N/A-StillEmployed,Active,Production       ,Ketsia Liebig,Employee Referral,Fully Meets,2/25/2019
10114.0,0.0,0.0,0.0,3.0,5.0,3.0,1.0,47837.0,0.0,19.0,1902.0,12.0,4.46,3.0,0.0,0.0,4.0,"Bachiochi, Linda",Production Technician I,MA,02/11/70,F,Single,US Citizen,No,Black or African American,7/6/2009,0,N/A-StillEmployed,Active,Production       ,Brannon Miller,Diversity Job Fair,Fully Meets,1/25/2019
10250.0,0.0,2.0,1.0,1.0,3.0,3.0,0.0,50178.0,0.0,14.0,1886.0,7.0,5.0,5.0,6.0,0.0,16.0,"Bacong, Alejandro ",IT Support,MA,01/07/88,M ,Divorced,US Citizen,No,White,1/5/2015,0,N/A-StillEmployed,Active,IT/IS,Peter Monroe,Indeed,Fully Meets,2/18/2019
10252.0,1.0,1.0,0.0,5.0,5.0,3.0,1.0,54670.0,1.0,19.0,1902.0,14.0,4.2,4.0,0.0,0.0,12.0,"Baczenski, Rachael  ",Production Technician I,MA,01/12/74,F,Married,US Citizen,Yes,Black or African American,1/10/2011,1/12/2017,Another position,Voluntarily Terminated,Production       ,David Stanley,Diversity Job Fair,Fully Meets,1/30/2016
10242.0,1.0,1.0,1.0,5.0,5.0,3.0,1.0,47211.0,1.0,19.0,2062.0,20.0,4.2,3.0,0.0,0.0,15.0,"Barbara, Thomas",Production Technician I,MA,02/21/74,M ,Married,US Citizen,Yes,Black or African American,4/2/2012,9/19/2016,unhappy,Voluntarily Terminated,Production       ,Kissy Sullivan,Diversity Job Fair,Fully Meets,5/6/2016
10012.0,0.0,2.0,1.0,1.0,3.0,4.0,1.0,92328.0,0.0,9.0,78230.0,4.0,4.28,4.0,5.0,0.0,9.0,"Barbossa, Hector",Data Analyst,TX,07/04/88,M ,Divorced,US Citizen,No,Black or African American,11/10/2014,0,N/A-StillEmployed,Active,IT/IS,Simon Roup,Diversity Job Fair,Exceeds,2/25/2019
10265.0,0.0,0.0,1.0,1.0,5.0,3.0,0.0,58709.0,0.0,19.0,1810.0,18.0,4.6,4.0,0.0,0.0,7.0,"Barone, Francesco  A",Production Technician I,MA,07/20/83,M ,Single,US Citizen,No,Two or more races,2/20/2012,0,N/A-StillEmployed,Active,Production       ,Kelley Spirea,Google Search,Fully Meets,2/14/2019
10066.0,0.0,2.0,1.0,5.0,5.0,3.0,0.0,52505.0,1.0,19.0,2747.0,22.0,5.0,5.0,0.0,0.0,1.0,"Barton, Nader",Production Technician I,MA,07/15/77,M ,Divorced,US Citizen,No,White,9/24/2012,4/6/2017,Another position,Voluntarily Terminated,Production       ,Michael Albert,On-line Web application,Fully Meets,3/2/2017
10061.0,0.0,0.0,1.0,4.0,5.0,3.0,0.0,57834.0,1.0,19.0,2050.0,18.0,5.0,4.0,0.0,0.0,20.0,"Bates, Norman",Production Technician I,MA,10/18/81,M ,Single,US Citizen,No,White,2/21/2011,8/4/2017,attendance,Terminated for Cause,Production       ,Kelley Spirea,Google Search,Fully Meets,4/5/2017
10023.0,1.0,1.0,0.0,2.0,5.0,4.0,0.0,70131.0,0.0,20.0,2145.0,18.0,4.4,3.0,0.0,0.0,16.0,"Beak, Kimberly  ",Production Technician II,MA,04/17/66,F,Married,US Citizen,No,White,7/21/2016,0,N/A-StillEmployed,Active,Production       ,Kelley Spirea,Employee Referral,Exceeds,1/14/2019
10055.0,0.0,0.0,0.0,1.0,5.0,3.0,0.0,59026.0,0.0,19.0,1915.0,16.0,5.0,5.0,0.0,0.0,12.0,"Beatrice, Courtney ",Production Technician I,MA,10/27/70,F,Single,Eligible NonCitizen,No,White,4/4/2011,0,N/A-StillEmployed,Active,Production       ,Elijiah Gray,Google Search,Fully Meets,1/14/2019
10245.0,0.0,0.0,0.0,4.0,3.0,3.0,0.0,110000.0,1.0,8.0,2026.0,4.0,4.5,4.0,5.0,0.0,8.0,"Becker, Renee",Database Administrator,MA,04/04/86,F,Single,US Citizen,Yes,White,7/7/2014,9/12/2015,performance,Terminated for Cause,IT/IS,Simon Roup,Google Search,Fully Meets,1/15/2015
10277.0,0.0,0.0,1.0,3.0,5.0,3.0,0.0,53250.0,0.0,19.0,2452.0,0.0,4.2,4.0,0.0,0.0,13.0,"Becker, Scott",Production Technician I,MA,04/06/79,M ,Single,US Citizen,No,Asian,7/8/2013,0,N/A-StillEmployed,Active,Production       ,Webster Butler,LinkedIn,Fully Meets,1/11/2019
10046.0,0.0,0.0,1.0,1.0,5.0,3.0,0.0,51044.0,0.0,19.0,2072.0,11.0,5.0,3.0,0.0,0.0,13.0,"Bernstein, Sean",Production Technician I,MA,12/22/70,M ,Single,US Citizen,Yes,White,4/2/2012,0,N/A-StillEmployed,Active,Production       ,Amy Dunn,Google Search,Fully Meets,1/14/2019
10226.0,0.0,2.0,0.0,1.0,5.0,3.0,0.0,64919.0,0.0,19.0,2027.0,19.0,4.2,3.0,0.0,0.0,2.0,"Biden, Lowan  M",Production Technician I,MA,12/27/58,F,Divorced,US Citizen,No,Asian,8/19/2013,0,N/A-StillEmployed,Active,Production       ,Ketsia Liebig,Indeed,Fully Meets,1/10/2019
10003.0,1.0,1.0,0.0,1.0,5.0,4.0,0.0,62910.0,0.0,19.0,2031.0,12.0,5.0,3.0,0.0,0.0,19.0,"Billis, Helen",Production Technician I,MA,09/01/89,F,Married,US Citizen,No,White,7/7/2014,0,N/A-StillEmployed,Active,Production       ,Brannon Miller,Indeed,Exceeds,2/27/2019
10294.0,0.0,0.0,0.0,1.0,5.0,2.0,0.0,66441.0,0.0,20.0,2171.0,22.0,2.0,3.0,0.0,2.0,3.0,"Blount, Dianna",Production Technician II,MA,09/21/90,F,Single,US Citizen,No,White,4/4/2011,0,N/A-StillEmployed,Active,Production       ,Michael Albert,CareerBuilder,Needs Improvement,2/27/2019
10267.0,0.0,0.0,0.0,5.0,5.0,3.0,0.0,57815.0,1.0,20.0,2210.0,16.0,4.8,5.0,0.0,0.0,5.0,"Bondwell, Betsy",Production Technician II,MA,01/16/67,F,Single,US Citizen,No,White,1/10/2011,4/4/2014,career change,Voluntarily Terminated,Production       ,Elijiah Gray,Google Search,Fully Meets,3/4/2014
10199.0,0.0,0.0,1.0,4.0,3.0,3.0,0.0,103613.0,1.0,30.0,6033.0,4.0,3.5,5.0,7.0,0.0,2.0,"Booth, Frank",Enterprise Architect,CT,07/30/64,M ,Single,US Citizen,No,Black or African American,2/17/2014,2/19/2016,Learned that he is a gangster,Terminated for Cause,IT/IS,Simon Roup,LinkedIn,Fully Meets,1/10/2016
10081.0,1.0,1.0,0.0,1.0,1.0,3.0,1.0,106367.0,0.0,26.0,2468.0,3.0,5.0,4.0,3.0,0.0,4.0,"Boutwell, Bonalyn",Sr. Accountant,MA,04/04/87,F,Married,US Citizen,No,Black or African American,2/16/2015,0,N/A-StillEmployed,Active,Admin Offices,Brandon R. LeBlanc,Diversity Job Fair,Fully Meets,2/18/2019
10175.0,0.0,0.0,1.0,5.0,5.0,3.0,0.0,74312.0,1.0,18.0,1901.0,2.0,3.39,3.0,0.0,0.0,14.0,"Bozzi, Charles",Production Manager,MA,03/10/70,M ,Single,US Citizen,No,Asian,9/30/2013,8/7/2014,retiring,Voluntarily Terminated,Production       ,Janet King,Indeed,Fully Meets,2/20/2014
10177.0,1.0,1.0,0.0,5.0,5.0,3.0,0.0,53492.0,1.0,19.0,1701.0,14.0,3.35,4.0,0.0,0.0,6.0,"Brill, Donna",Production Technician I,MA,08/24/90,F,Married,US Citizen,No,White,4/2/2012,6/15/2013,Another position,Voluntarily Terminated,Production       ,David Stanley,Google Search,Fully Meets,3/4/2013
10238.0,1.0,1.0,0.0,1.0,1.0,3.0,1.0,63000.0,0.0,1.0,1450.0,1.0,4.5,2.0,6.0,0.0,14.0,"Brown, Mia",Accountant I,MA,11/24/87,F,Married,US Citizen,No,Black or African American,10/27/2008,0,N/A-StillEmployed,Active,Admin Offices,Brandon R. LeBlanc,Diversity Job Fair,Fully Meets,1/15/2019
10184.0,0.0,0.0,1.0,1.0,5.0,3.0,0.0,65288.0,0.0,20.0,1013.0,0.0,3.19,3.0,0.0,0.0,9.0,"Buccheri, Joseph  ",Production Technician II,MA,07/28/83,M ,Single,US Citizen,No,White,9/29/2014,0,N/A-StillEmployed,Active,Production       ,Webster Butler,Google Search,Fully Meets,2/1/2019
10203.0,0.0,3.0,0.0,3.0,5.0,3.0,1.0,64375.0,0.0,19.0,2043.0,20.0,3.5,5.0,0.0,0.0,17.0,"Bugali, Josephine ",Production Technician I,MA,10/30/69,F,Separated,US Citizen,No,Black or African American,11/11/2013,0,N/A-StillEmployed,Active,Production       ,Kissy Sullivan,Diversity Job Fair,Fully Meets,1/21/2019
10188.0,1.0,1.0,0.0,5.0,6.0,3.0,0.0,74326.0,1.0,3.0,21851.0,17.0,3.14,5.0,0.0,1.0,19.0,"Bunbury, Jessica",Area Sales Manager,VA,06/01/64,F,Married,Eligible NonCitizen,No,Black or African American,8/15/2011,8/2/2014,Another position,Voluntarily Terminated,Sales,John Smith,Google Search,Fully Meets,2/10/2013
10107.0,0.0,0.0,0.0,1.0,5.0,3.0,0.0,63763.0,0.0,20.0,2148.0,11.0,4.51,4.0,0.0,0.0,3.0,"Burke, Joelle",Production Technician II,MA,03/02/80,F,Single,US Citizen,No,Black or African American,3/5/2012,0,N/A-StillEmployed,Active,Production       ,Amy Dunn,Employee Referral,Fully Meets,2/21/2019
10181.0,1.0,1.0,1.0,1.0,5.0,3.0,0.0,62162.0,0.0,20.0,1890.0,19.0,3.25,5.0,0.0,0.0,15.0,"Burkett, Benjamin ",Production Technician II,MA,08/19/77,M ,Married,US Citizen,No,White,4/4/2011,0,N/A-StillEmployed,Active,Production       ,Ketsia Liebig,Indeed,Fully Meets,1/14/2019
10150.0,0.0,0.0,1.0,1.0,4.0,3.0,0.0,77692.0,0.0,25.0,2184.0,5.0,3.84,3.0,5.0,0.0,4.0,"Cady, Max ",Software Engineering Manager,MA,11/22/66,M ,Single,US Citizen,No,White,8/15/2011,0,N/A-StillEmployed,Active,Software Engineering,Jennifer Zamora,Google Search,Fully Meets,1/21/2019
10001.0,0.0,0.0,1.0,1.0,5.0,4.0,0.0,72640.0,0.0,18.0,2169.0,2.0,5.0,3.0,0.0,0.0,14.0,"Candie, Calvin",Production Manager,MA,08/09/83,M ,Single,US Citizen,No,White,1/28/2016,0,N/A-StillEmployed,Active,Production       ,Janet King,Indeed,Exceeds,2/22/2019
10085.0,0.0,0.0,0.0,1.0,4.0,3.0,0.0,93396.0,0.0,24.0,2132.0,10.0,4.96,4.0,6.0,0.0,3.0,"Carabbio, Judith",Software Engineer,MA,04/05/87,F,Single,US Citizen,No,White,11/11/2013,0,N/A-StillEmployed,Active,Software Engineering,Alex Sweetwater,Indeed,Fully Meets,1/30/2019
10115.0,0.0,0.0,1.0,1.0,5.0,3.0,0.0,52846.0,0.0,19.0,1701.0,18.0,4.43,3.0,0.0,0.0,14.0,"Carey, Michael  ",Production Technician I,MA,02/02/83,M ,Single,US Citizen,No,Black or African American,3/31/2014,0,N/A-StillEmployed,Active,Production       ,Kelley Spirea,LinkedIn,Fully Meets,2/1/2019
10082.0,0.0,0.0,0.0,2.0,3.0,3.0,0.0,100031.0,0.0,27.0,1886.0,4.0,5.0,5.0,6.0,0.0,7.0,"Carr, Claudia  N",Sr. DBA,MA,06/06/86,F,Single,US Citizen,No,Black or African American,6/30/2016,0,N/A-StillEmployed,Active,IT/IS,Simon Roup,LinkedIn,Fully Meets,2/18/2019
10040.0,0.0,0.0,0.0,1.0,6.0,3.0,0.0,71860.0,0.0,3.0,5664.0,17.0,5.0,5.0,0.0,0.0,7.0,"Carter, Michelle ",Area Sales Manager,VT,05/15/63,F,Single,US Citizen,No,White,8/18/2014,0,N/A-StillEmployed,Active,Sales,John Smith,Indeed,Fully Meets,1/21/2019
10067.0,0.0,0.0,0.0,1.0,5.0,3.0,0.0,61656.0,0.0,19.0,2763.0,22.0,5.0,4.0,0.0,0.0,11.0,"Chace, Beatrice ",Production Technician I,MA,01/02/51,F,Single,US Citizen,No,White,9/29/2014,0,N/A-StillEmployed,Active,Production       ,Michael Albert,Google Search,Fully Meets,2/12/2019
10108.0,1.0,1.0,1.0,1.0,3.0,3.0,0.0,110929.0,0.0,5.0,2045.0,5.0,4.5,5.0,7.0,0.0,8.0,"Champaigne, Brian",BI Director,MA,02/09/72,M ,Married,US Citizen,No,White,9/6/2016,0,N/A-StillEmployed,Active,IT/IS,Jennifer Zamora,Indeed,Fully Meets,1/15/2019
10210.0,0.0,0.0,0.0,1.0,5.0,3.0,0.0,54237.0,0.0,19.0,2170.0,16.0,3.3,4.0,0.0,0.0,11.0,"Chan, Lin",Production Technician I,MA,02/12/79,F,Single,US Citizen,No,White,5/12/2014,0,N/A-StillEmployed,Active,Production       ,Elijiah Gray,Indeed,Fully Meets,2/19/2019
10154.0,0.0,0.0,1.0,1.0,5.0,3.0,0.0,60380.0,0.0,19.0,1845.0,0.0,3.8,5.0,0.0,0.0,4.0,"Chang, Donovan  E",Production Technician I,MA,08/24/83,M ,Single,US Citizen,No,White,7/8/2013,0,N/A-StillEmployed,Active,Production       ,Webster Butler,LinkedIn,Fully Meets,1/14/2019
10200.0,0.0,0.0,1.0,1.0,6.0,3.0,0.0,66808.0,0.0,3.0,78207.0,21.0,3.0,5.0,0.0,0.0,17.0,"Chigurh, Anton",Area Sales Manager,TX,06/11/70,M ,Single,Eligible NonCitizen,No,Black or African American,5/14/2012,0,N/A-StillEmployed,Active,Sales,Lynn Daneault,Employee Referral,Fully Meets,1/19/2019
10240.0,0.0,0.0,0.0,5.0,5.0,3.0,0.0,64786.0,1.0,19.0,1775.0,11.0,4.3,4.0,0.0,0.0,3.0,"Chivukula, Enola",Production Technician I,MA,08/27/83,F,Single,US Citizen,No,White,6/27/2011,11/15/2015,relocation out of area,Voluntarily Terminated,Production       ,Amy Dunn,Indeed,Fully Meets,3/10/2015
10168.0,0.0,0.0,0.0,1.0,5.0,3.0,0.0,64816.0,0.0,19.0,2044.0,19.0,3.58,5.0,0.0,0.0,3.0,"Cierpiszewski, Caroline  ",Production Technician I,MA,05/31/88,F,Single,Non-Citizen,No,Black or African American,10/3/2011,0,N/A-StillEmployed,Active,Production       ,Ketsia Liebig,Indeed,Fully Meets,1/30/2019
10220.0,0.0,0.0,1.0,1.0,3.0,3.0,0.0,68678.0,0.0,14.0,2170.0,6.0,4.7,3.0,6.0,0.0,2.0,"Clayton, Rick",IT Support,MA,09/05/85,M ,Single,US Citizen,No,White,9/5/2012,0,N/A-StillEmployed,Active,IT/IS,Eric Dougall,Indeed,Fully Meets,2/27/2019
10275.0,1.0,1.0,0.0,5.0,5.0,3.0,0.0,64066.0,1.0,20.0,1752.0,12.0,4.2,5.0,0.0,0.0,9.0,"Cloninger, Jennifer",Production Technician II,MA,08/31/81,F,Married,US Citizen,No,White,5/16/2011,1/7/2013,unhappy,Voluntarily Terminated,Production       ,Brannon Miller,Google Search,Fully Meets,5/3/2012
10269.0,1.0,1.0,1.0,5.0,5.0,3.0,0.0,59369.0,1.0,20.0,2169.0,14.0,4.2,4.0,0.0,0.0,6.0,"Close, Phil",Production Technician II,MA,11/25/78,M ,Married,US Citizen,No,White,8/30/2010,9/26/2011,career change,Voluntarily Terminated,Production       ,David Stanley,Indeed,Fully Meets,5/4/2011
10029.0,1.0,1.0,1.0,2.0,5.0,4.0,0.0,50373.0,0.0,19.0,2134.0,12.0,4.1,4.0,0.0,0.0,5.0,"Clukey, Elijian",Production Technician I,MA,08/26/80,M ,Married,US Citizen,No,White,7/6/2016,0,N/A-StillEmployed,Active,Production       ,Brannon Miller,Employee Referral,Exceeds,2/28/2019
10261.0,0.0,0.0,1.0,1.0,5.0,3.0,0.0,63108.0,0.0,19.0,2452.0,14.0,4.4,5.0,0.0,0.0,3.0,"Cockel, James",Production Technician I,MA,09/08/77,M ,Single,US Citizen,No,White,7/8/2013,0,N/A-StillEmployed,Active,Production       ,David Stanley,Employee Referral,Fully Meets,1/14/2019
10292.0,0.0,0.0,1.0,4.0,5.0,2.0,0.0,59144.0,1.0,19.0,1880.0,20.0,2.0,3.0,0.0,5.0,16.0,"Cole, Spencer",Production Technician I,MA,08/12/79,M ,Single,US Citizen,No,Black or African American,7/11/2011,9/23/2016,performance,Terminated for Cause,Production       ,Kissy Sullivan,LinkedIn,Needs Improvement,5/1/2016
10282.0,0.0,2.0,1.0,1.0,5.0,2.0,0.0,68051.0,0.0,18.0,1803.0,2.0,4.13,2.0,0.0,3.0,3.0,"Corleone, Michael",Production Manager,MA,12/17/75,M ,Divorced,US Citizen,No,White,7/20/2010,0,N/A-StillEmployed,Active,Production       ,Janet King,CareerBuilder,Needs Improvement,1/14/2019
10019.0,0.0,0.0,1.0,1.0,5.0,4.0,0.0,170500.0,0.0,10.0,2030.0,2.0,3.7,5.0,0.0,0.0,15.0,"Corleone, Vito",Director of Operations,MA,03/19/83,M ,Single,US Citizen,No,Black or African American,1/5/2009,0,N/A-StillEmployed,Active,Production       ,Janet King,Indeed,Exceeds,2/4/2019
10094.0,1.0,1.0,0.0,1.0,5.0,3.0,0.0,63381.0,0.0,19.0,2189.0,18.0,4.73,5.0,0.0,0.0,6.0,"Cornett, Lisa ",Production Technician I,MA,03/31/77,F,Married,US Citizen,Yes,White,1/5/2015,0,N/A-StillEmployed,Active,Production       ,Kelley Spirea,Indeed,Fully Meets,2/14/2019
10193.0,1.0,1.0,1.0,1.0,3.0,3.0,0.0,83552.0,0.0,9.0,1810.0,4.0,3.04,3.0,6.0,0.0,2.0,"Costello, Frank",Data Analyst,MA,08/26/86,M ,Married,US Citizen,No,White,3/30/2015,0,N/A-StillEmployed,Active,IT/IS,Simon Roup,Indeed,Fully Meets,1/22/2019
10132.0,0.0,0.0,0.0,2.0,5.0,3.0,0.0,56149.0,0.0,19.0,1821.0,22.0,4.12,5.0,0.0,0.0,15.0,"Crimmings,   Jean",Production Technician I,MA,04/10/87,F,Single,US Citizen,No,White,7/6/2016,0,N/A-StillEmployed,Active,Production       ,Michael Albert,LinkedIn,Fully Meets,1/28/2019
10083.0,0.0,0.0,1.0,1.0,3.0,3.0,0.0,92329.0,0.0,28.0,6278.0,7.0,5.0,3.0,4.0,0.0,5.0,"Cross, Noah",Sr. Network Engineer,CT,09/09/65,M ,Single,US Citizen,No,White,11/10/2014,0,N/A-StillEmployed,Active,IT/IS,Peter Monroe,Employee Referral,Fully Meets,1/2/2019
10099.0,0.0,0.0,0.0,1.0,6.0,3.0,0.0,65729.0,0.0,21.0,5473.0,15.0,4.62,4.0,0.0,0.0,8.0,"Daneault, Lynn",Sales Manager,VT,04/19/90,F,Single,US Citizen,No,White,5/5/2014,0,N/A-StillEmployed,Active,Sales,Debra Houlihan,Indeed,Fully Meets,1/24/2019
10212.0,1.0,1.0,0.0,3.0,3.0,3.0,0.0,85028.0,0.0,28.0,6033.0,7.0,3.1,5.0,8.0,0.0,19.0,"Daniele, Ann  ",Sr. Network Engineer,CT,01/18/52,F,Married,US Citizen,No,White,11/10/2014,0,N/A-StillEmployed,Active,IT/IS,Peter Monroe,LinkedIn,Fully Meets,2/12/2019
10056.0,1.0,1.0,0.0,1.0,5.0,3.0,0.0,57583.0,0.0,19.0,2110.0,16.0,5.0,3.0,0.0,0.0,1.0,"Darson, Jene'ya ",Production Technician I,MA,11/05/78,F,Married,US Citizen,No,White,7/2/2012,0,N/A-StillEmployed,Active,Production       ,Elijiah Gray,Indeed,Fully Meets,2/25/2019
10143.0,0.0,0.0,1.0,1.0,5.0,3.0,0.0,56294.0,0.0,20.0,2458.0,20.0,3.96,4.0,0.0,0.0,6.0,"Davis, Daniel",Production Technician II,MA,09/14/79,M ,Single,Eligible NonCitizen,No,Two or more races,11/7/2011,0,N/A-StillEmployed,Active,Production       ,Kissy Sullivan,LinkedIn,Fully Meets,2/27/2019
10311.0,1.0,1.0,1.0,1.0,6.0,1.0,0.0,56991.0,0.0,19.0,2138.0,12.0,4.3,4.0,3.0,2.0,2.0,"Dee, Randy",Production Technician I,MA,04/15/88,M ,Married,US Citizen,No,White,7/9/2018,0,N/A-StillEmployed,Active,Production       ,Brannon Miller,Indeed,Fully Meets,1/31/2019
10070.0,1.0,1.0,1.0,5.0,5.0,3.0,0.0,55722.0,1.0,19.0,1810.0,39.0,5.0,4.0,0.0,0.0,14.0,"DeGweck,  James",Production Technician I,MA,10/31/77,M ,Married,US Citizen,No,White,5/16/2011,6/8/2016,unhappy,Voluntarily Terminated,Production       ,Webster Butler,Indeed,Fully Meets,4/2/2016
10155.0,0.0,0.0,0.0,1.0,4.0,3.0,0.0,101199.0,0.0,24.0,2176.0,10.0,3.79,5.0,5.0,0.0,8.0,"Del Bosque, Keyla",Software Engineer,MA,07/05/79,F,Single,US Citizen,No,Black or African American,1/9/2012,0,N/A-StillEmployed,Active,Software Engineering,Alex Sweetwater,CareerBuilder,Fully Meets,1/25/2019
10306.0,0.0,0.0,1.0,1.0,6.0,1.0,0.0,61568.0,0.0,3.0,36006.0,17.0,1.93,3.0,0.0,6.0,5.0,"Delarge, Alex",Area Sales Manager,AL,11/02/75,M ,Single,US Citizen,No,Two or more races,9/29/2014,0,N/A-StillEmployed,Active,Sales,John Smith,Indeed,PIP,1/30/2019
10100.0,0.0,3.0,0.0,5.0,5.0,3.0,0.0,58275.0,1.0,20.0,2343.0,18.0,4.62,5.0,0.0,0.0,1.0,"Demita, Carla",Production Technician II,MA,02/25/51,F,Separated,US Citizen,No,Black or African American,4/4/2011,11/4/2015,more money,Voluntarily Terminated,Production       ,Kelley Spirea,Google Search,Fully Meets,5/6/2015
10310.0,1.0,1.0,1.0,1.0,5.0,1.0,0.0,53189.0,0.0,19.0,2061.0,11.0,1.12,2.0,0.0,4.0,9.0,"Desimone, Carl ",Production Technician I,MA,04/19/67,M ,Married,US Citizen,No,White,7/7/2014,0,N/A-StillEmployed,Active,Production       ,Amy Dunn,Indeed,PIP,1/31/2019
10197.0,0.0,0.0,1.0,1.0,3.0,3.0,0.0,96820.0,0.0,4.0,2045.0,13.0,3.01,5.0,7.0,0.0,15.0,"DeVito, Tommy",BI Developer,MA,09/04/83,M ,Single,US Citizen,No,White,2/15/2017,0,N/A-StillEmployed,Active,IT/IS,Brian Champaigne,Indeed,Fully Meets,1/23/2019
10276.0,0.0,0.0,1.0,1.0,5.0,3.0,0.0,51259.0,0.0,19.0,2180.0,19.0,4.3,4.0,0.0,0.0,1.0,"Dickinson, Geoff ",Production Technician I,MA,11/15/82,M ,Single,US Citizen,No,White,5/12/2014,0,N/A-StillEmployed,Active,Production       ,Ketsia Liebig,Indeed,Fully Meets,2/19/2019
10304.0,0.0,0.0,0.0,1.0,6.0,1.0,0.0,59231.0,0.0,3.0,98052.0,17.0,2.3,1.0,0.0,2.0,17.0,"Dietrich, Jenna  ",Area Sales Manager,WA,05/14/87,F,Single,US Citizen,Yes,White,2/20/2012,0,N/A-StillEmployed,Active,Sales,John Smith,Website,PIP,1/29/2019
10284.0,1.0,1.0,0.0,1.0,5.0,2.0,0.0,61584.0,0.0,19.0,2351.0,12.0,3.88,4.0,0.0,0.0,6.0,"DiNocco, Lily ",Production Technician I,MA,12/02/78,F,Married,US Citizen,No,Black or African American,1/7/2013,0,N/A-StillEmployed,Active,Production       ,Brannon Miller,Indeed,Needs Improvement,1/18/2019
10207.0,0.0,0.0,0.0,1.0,5.0,3.0,0.0,46335.0,0.0,19.0,2125.0,14.0,3.4,5.0,0.0,0.0,15.0,"Dobrin, Denisa  S",Production Technician I,MA,10/07/86,F,Single,US Citizen,Yes,White,4/2/2012,0,N/A-StillEmployed,Active,Production       ,David Stanley,CareerBuilder,Fully Meets,2/19/2019
10133.0,1.0,1.0,0.0,1.0,3.0,3.0,0.0,70621.0,0.0,14.0,2119.0,7.0,4.11,4.0,6.0,0.0,16.0,"Dolan, Linda",IT Support,MA,07/18/88,F,Married,US Citizen,No,White,1/5/2015,0,N/A-StillEmployed,Active,IT/IS,Peter Monroe,Employee Referral,Fully Meets,2/25/2019
10028.0,0.0,0.0,1.0,1.0,3.0,4.0,0.0,138888.0,0.0,13.0,1886.0,5.0,4.3,5.0,5.0,0.0,4.0,"Dougall, Eric",IT Manager - Support,MA,07/09/70,M ,Single,US Citizen,No,Black or African American,1/5/2014,0,N/A-StillEmployed,Active,IT/IS,Jennifer Zamora,Indeed,Exceeds,1/4/2019
10006.0,0.0,0.0,0.0,1.0,6.0,4.0,0.0,74241.0,0.0,3.0,90007.0,21.0,4.77,5.0,0.0,0.0,14.0,"Driver, Elle",Area Sales Manager,CA,11/08/88,F,Single,US Citizen,No,White,1/10/2011,0,N/A-StillEmployed,Active,Sales,Lynn Daneault,Indeed,Exceeds,1/27/2019
10105.0,0.0,0.0,0.0,1.0,5.0,3.0,0.0,75188.0,0.0,18.0,1731.0,2.0,4.52,4.0,0.0,0.0,4.0,"Dunn, Amy  ",Production Manager,MA,11/28/73,F,Single,US Citizen,No,White,9/18/2014,0,N/A-StillEmployed,Active,Production       ,Janet King,Google Search,Fully Meets,1/15/2019
10211.0,1.0,1.0,0.0,1.0,5.0,3.0,0.0,62514.0,0.0,19.0,1749.0,19.0,2.9,3.0,0.0,0.0,6.0,"Dunne, Amy",Production Technician I,MA,09/23/73,F,Married,US Citizen,No,White,4/26/2010,0,N/A-StillEmployed,Active,Production       ,Ketsia Liebig,Google Search,Fully Meets,1/21/2019
10064.0,1.0,1.0,0.0,5.0,5.0,3.0,0.0,60070.0,1.0,19.0,2343.0,20.0,5.0,3.0,0.0,0.0,7.0,"Eaton, Marianne",Production Technician I,MA,09/05/91,F,Married,US Citizen,No,White,4/4/2011,6/6/2017,military,Voluntarily Terminated,Production       ,Kissy Sullivan,Google Search,Fully Meets,4/9/2017
10247.0,0.0,0.0,1.0,1.0,5.0,3.0,0.0,48888.0,0.0,19.0,2026.0,18.0,4.7,5.0,0.0,0.0,8.0,"Engdahl, Jean",Production Technician I,MA,05/31/74,M ,Single,US Citizen,No,White,11/10/2014,0,N/A-StillEmployed,Active,Production       ,Kelley Spirea,LinkedIn,Fully Meets,2/13/2019
10235.0,1.0,1.0,1.0,1.0,5.0,3.0,0.0,54285.0,0.0,19.0,2045.0,18.0,4.2,3.0,0.0,0.0,3.0,"England, Rex",Production Technician I,MA,08/25/78,M ,Married,US Citizen,No,White,3/31/2014,0,N/A-StillEmployed,Active,Production       ,Kelley Spirea,Employee Referral,Fully Meets,1/11/2019
10299.0,0.0,3.0,0.0,1.0,5.0,1.0,0.0,56847.0,0.0,20.0,2133.0,22.0,3.0,1.0,0.0,2.0,5.0,"Erilus, Angela",Production Technician II,MA,08/25/89,F,Separated,US Citizen,No,White,7/7/2014,0,N/A-StillEmployed,Active,Production       ,Michael Albert,Indeed,PIP,2/25/2019
10280.0,0.0,0.0,1.0,4.0,5.0,2.0,0.0,60340.0,1.0,19.0,2129.0,22.0,5.0,4.0,0.0,5.0,16.0,"Estremera, Miguel",Production Technician I,MA,09/02/83,M ,Single,US Citizen,No,White,4/2/2012,9/27/2018,attendance,Terminated for Cause,Production       ,Michael Albert,Google Search,Needs Improvement,4/12/2018
10296.0,0.0,0.0,0.0,4.0,5.0,2.0,0.0,59124.0,1.0,19.0,2458.0,16.0,2.3,3.0,0.0,5.0,19.0,"Evensen, April",Production Technician I,MA,05/06/89,F,Single,US Citizen,No,White,2/17/2014,2/25/2018,"no-call, no-show",Terminated for Cause,Production       ,Elijiah Gray,Google Search,Needs Improvement,1/15/2017
10290.0,1.0,1.0,0.0,4.0,4.0,2.0,0.0,99280.0,1.0,24.0,1749.0,10.0,2.1,5.0,4.0,4.0,19.0,"Exantus, Susan",Software Engineer,MA,05/15/87,F,Married,US Citizen,No,Black or African American,5/2/2011,6/5/2013,attendance,Terminated for Cause,Software Engineering,Alex Sweetwater,Indeed,Needs Improvement,8/10/2012
10263.0,1.0,1.0,0.0,1.0,5.0,3.0,0.0,71776.0,0.0,20.0,1824.0,16.0,4.4,5.0,0.0,0.0,17.0,"Faller, Megan ",Production Technician II,MA,09/22/78,F,Married,US Citizen,No,Black or African American,7/7/2014,0,N/A-StillEmployed,Active,Production       ,Elijiah Gray,LinkedIn,Fully Meets,2/22/2019
10136.0,0.0,0.0,0.0,1.0,5.0,3.0,0.0,65902.0,0.0,20.0,2324.0,0.0,4.0,4.0,0.0,0.0,7.0,"Fancett, Nicole",Production Technician II,MA,09/27/87,F,Single,US Citizen,No,Black or African American,2/17/2014,0,N/A-StillEmployed,Active,Production       ,Webster Butler,LinkedIn,Fully Meets,1/7/2019
10189.0,1.0,1.0,0.0,5.0,5.0,3.0,0.0,57748.0,1.0,19.0,2176.0,39.0,3.13,3.0,0.0,0.0,16.0,"Ferguson, Susan",Production Technician I,MA,04/14/55,F,Married,US Citizen,No,White,11/7/2011,5/17/2016,military,Voluntarily Terminated,Production       ,Webster Butler,Google Search,Fully Meets,2/4/2016
10308.0,1.0,1.0,1.0,1.0,5.0,1.0,0.0,64057.0,0.0,19.0,2132.0,11.0,1.56,5.0,0.0,6.0,15.0,"Fernandes, Nilson  ",Production Technician I,MA,10/18/89,M ,Married,US Citizen,No,White,5/11/2015,0,N/A-StillEmployed,Active,Production       ,Amy Dunn,Indeed,PIP,1/3/2019
10309.0,0.0,0.0,1.0,1.0,3.0,1.0,0.0,53366.0,0.0,15.0,2138.0,7.0,1.2,3.0,6.0,3.0,2.0,"Fett, Boba",Network Engineer,MA,06/18/87,M ,Single,US Citizen,No,White,3/30/2015,0,N/A-StillEmployed,Active,IT/IS,Peter Monroe,LinkedIn,PIP,2/4/2019
10049.0,1.0,1.0,0.0,1.0,5.0,3.0,0.0,58530.0,0.0,19.0,2155.0,12.0,5.0,5.0,0.0,0.0,19.0,"Fidelia,  Libby",Production Technician I,MA,03/16/81,F,Married,US Citizen,No,White,1/9/2012,0,N/A-StillEmployed,Active,Production       ,Brannon Miller,Google Search,Fully Meets,1/29/2019
10093.0,0.0,0.0,1.0,5.0,5.0,3.0,0.0,72609.0,1.0,20.0,2143.0,11.0,4.76,5.0,0.0,0.0,20.0,"Fitzpatrick, Michael  J",Production Technician II,MA,10/01/81,M ,Single,US Citizen,Yes,White,5/16/2011,6/24/2013,hours,Voluntarily Terminated,Production       ,Amy Dunn,Google Search,Fully Meets,4/5/2013
10163.0,1.0,1.0,0.0,5.0,5.0,3.0,0.0,55965.0,1.0,20.0,2170.0,19.0,3.66,3.0,0.0,0.0,6.0,"Foreman, Tanya",Production Technician II,MA,11/08/83,F,Married,US Citizen,No,White,4/4/2011,1/9/2013,career change,Voluntarily Terminated,Production       ,Ketsia Liebig,Google Search,Fully Meets,1/7/2012
10305.0,1.0,1.0,1.0,1.0,6.0,3.0,0.0,70187.0,1.0,3.0,2330.0,21.0,2.0,5.0,0.0,4.0,7.0,"Forrest, Alex",Area Sales Manager,MA,07/07/75,M ,Married,US Citizen,No,White,9/29/2014,8/19/2018,Fatal attraction,Terminated for Cause,Sales,Lynn Daneault,Employee Referral,PIP,1/28/2019
10015.0,0.0,0.0,1.0,1.0,3.0,4.0,0.0,178000.0,0.0,12.0,1460.0,5.0,5.0,5.0,5.0,0.0,15.0,"Foss, Jason",IT Director,MA,07/05/80,M ,Single,US Citizen,No,Black or African American,4/15/2011,0,N/A-StillEmployed,Active,IT/IS,Jennifer Zamora,Indeed,Exceeds,1/7/2019
10080.0,1.0,1.0,0.0,1.0,1.0,3.0,0.0,99351.0,0.0,26.0,2050.0,9.0,5.0,3.0,2.0,0.0,3.0,"Foster-Baker, Amy",Sr. Accountant,MA,04/16/79,F,Married,US Citizen,no,White,1/5/2009,0,N/A-StillEmployed,Active,Admin Offices,Board of Directors,Other,Fully Meets,2/8/2019
10258.0,0.0,0.0,1.0,1.0,6.0,3.0,0.0,67251.0,0.0,3.0,6050.0,21.0,4.3,3.0,0.0,2.0,7.0,"Fraval, Maruk ",Area Sales Manager,CT,08/28/63,M ,Single,US Citizen,No,Black or African American,9/6/2011,0,N/A-StillEmployed,Active,Sales,Lynn Daneault,CareerBuilder,Fully Meets,1/27/2019
10273.0,0.0,0.0,0.0,1.0,3.0,3.0,0.0,65707.0,0.0,14.0,6040.0,6.0,4.7,4.0,5.0,0.0,1.0,"Galia, Lisa",IT Support,CT,07/06/68,F,Single,US Citizen,No,White,5/1/2010,0,N/A-StillEmployed,Active,IT/IS,Eric Dougall,LinkedIn,Fully Meets,2/1/2019
10111.0,0.0,0.0,1.0,1.0,5.0,3.0,0.0,52249.0,0.0,19.0,1905.0,14.0,4.5,3.0,0.0,0.0,5.0,"Garcia, Raul",Production Technician I,MA,09/15/85,M ,Single,US Citizen,Yes,White,3/30/2015,0,N/A-StillEmployed,Active,Production       ,David Stanley,Employee Referral,Fully Meets,2/18/2019
10257.0,0.0,0.0,0.0,1.0,5.0,3.0,0.0,53171.0,0.0,19.0,2121.0,18.0,4.2,4.0,0.0,0.0,12.0,"Gaul, Barbara",Production Technician I,MA,12/02/83,F,Single,US Citizen,Yes,Black or African American,5/16/2011,0,N/A-StillEmployed,Active,Production       ,Kelley Spirea,LinkedIn,Fully Meets,2/26/2019
10159.0,1.0,1.0,0.0,1.0,5.0,3.0,0.0,51337.0,0.0,19.0,2145.0,22.0,3.73,3.0,0.0,0.0,19.0,"Gentry, Mildred",Production Technician I,MA,10/01/90,F,Married,US Citizen,No,Black or African American,3/30/2015,0,N/A-StillEmployed,Active,Production       ,Michael Albert,LinkedIn,Fully Meets,1/16/2019
10122.0,0.0,2.0,0.0,5.0,5.0,3.0,1.0,51505.0,1.0,19.0,2330.0,16.0,4.24,4.0,0.0,0.0,2.0,"Gerke, Melisa",Production Technician I,MA,05/15/70,F,Divorced,US Citizen,No,Black or African American,11/7/2011,11/15/2016,hours,Voluntarily Terminated,Production       ,Elijiah Gray,Diversity Job Fair,Fully Meets,4/29/2016
10142.0,0.0,4.0,0.0,4.0,6.0,3.0,0.0,59370.0,1.0,3.0,43050.0,17.0,3.97,4.0,0.0,0.0,7.0,"Gill, Whitney  ",Area Sales Manager,OH,07/10/71,F,Widowed,US Citizen,No,Black or African American,7/7/2014,9/5/2015,attendance,Terminated for Cause,Sales,John Smith,CareerBuilder,Fully Meets,1/15/2014
10283.0,1.0,1.0,1.0,5.0,5.0,2.0,1.0,54933.0,1.0,19.0,2062.0,39.0,3.97,4.0,0.0,3.0,15.0,"Gilles, Alex",Production Technician I,MA,08/09/74,M ,Married,US Citizen,No,Black or African American,4/2/2012,6/25/2015,military,Voluntarily Terminated,Production       ,Webster Butler,Diversity Job Fair,Needs Improvement,1/20/2015
10018.0,0.0,0.0,0.0,1.0,5.0,4.0,0.0,57815.0,0.0,19.0,2451.0,11.0,3.9,4.0,0.0,0.0,3.0,"Girifalco, Evelyn",Production Technician I,MA,05/08/80,F,Single,US Citizen,Yes,Two or more races,9/29/2014,0,N/A-StillEmployed,Active,Production       ,Amy Dunn,Indeed,Exceeds,2/7/2019
10255.0,0.0,0.0,0.0,1.0,6.0,3.0,0.0,61555.0,0.0,3.0,46204.0,21.0,4.5,5.0,0.0,0.0,20.0,"Givens, Myriam",Area Sales Manager,IN,09/22/89,F,Single,US Citizen,No,White,2/16/2015,0,N/A-StillEmployed,Active,Sales,Lynn Daneault,Indeed,Fully Meets,1/25/2019
10246.0,0.0,0.0,0.0,4.0,3.0,3.0,0.0,114800.0,1.0,8.0,2127.0,4.0,4.6,4.0,4.0,0.0,10.0,"Goble, Taisha",Database Administrator,MA,10/23/71,F,Single,US Citizen,No,White,2/16/2015,3/15/2015,"no-call, no-show",Terminated for Cause,IT/IS,Simon Roup,Indeed,Fully Meets,1/20/2015
10228.0,1.0,1.0,1.0,1.0,3.0,3.0,0.0,74679.0,0.0,14.0,2135.0,7.0,4.3,5.0,7.0,0.0,20.0,"Goeth, Amon",IT Support,MA,11/24/89,M ,Married,US Citizen,Yes,White,3/30/2015,0,N/A-StillEmployed,Active,IT/IS,Peter Monroe,LinkedIn,Fully Meets,1/10/2019
10243.0,0.0,0.0,0.0,1.0,5.0,3.0,0.0,53018.0,0.0,19.0,2451.0,19.0,4.3,5.0,0.0,0.0,7.0,"Gold, Shenice  ",Production Technician I,MA,06/18/92,F,Single,US Citizen,Yes,White,11/11/2013,0,N/A-StillEmployed,Active,Production       ,Ketsia Liebig,Indeed,Fully Meets,2/18/2019
10031.0,0.0,2.0,1.0,1.0,5.0,4.0,1.0,59892.0,0.0,19.0,2108.0,12.0,4.5,4.0,0.0,0.0,1.0,"Gonzalez, Cayo",Production Technician I,MA,09/29/69,M ,Divorced,US Citizen,No,Black or African American,7/11/2011,0,N/A-StillEmployed,Active,Production       ,Brannon Miller,Diversity Job Fair,Exceeds,2/18/2019
10300.0,1.0,1.0,1.0,5.0,5.0,1.0,1.0,68898.0,1.0,20.0,2128.0,12.0,3.0,3.0,0.0,3.0,10.0,"Gonzalez, Juan",Production Technician II,MA,10/12/64,M ,Married,US Citizen,No,Black or African American,4/26/2010,5/30/2011,career change,Voluntarily Terminated,Production       ,Brannon Miller,Diversity Job Fair,PIP,3/6/2011
10101.0,0.0,3.0,0.0,1.0,3.0,3.0,0.0,61242.0,0.0,14.0,2472.0,7.0,4.61,4.0,5.0,0.0,11.0,"Gonzalez, Maria",IT Support,MA,04/16/81,F,Separated,US Citizen,Yes,White,1/5/2015,0,N/A-StillEmployed,Active,IT/IS,Peter Monroe,Employee Referral,Fully Meets,1/28/2019
10237.0,1.0,1.0,0.0,3.0,5.0,3.0,0.0,66825.0,0.0,20.0,1886.0,14.0,4.6,3.0,0.0,0.0,20.0,"Good, Susan",Production Technician II,MA,05/25/86,F,Married,US Citizen,No,White,5/12/2014,0,N/A-StillEmployed,Active,Production       ,David Stanley,LinkedIn,Fully Meets,2/7/2019
10051.0,1.0,1.0,1.0,1.0,5.0,3.0,0.0,48285.0,0.0,19.0,2169.0,14.0,5.0,3.0,0.0,0.0,2.0,"Gordon, David",Production Technician I,MA,05/21/79,M ,Married,US Citizen,No,White,7/2/2012,0,N/A-StillEmployed,Active,Production       ,David Stanley,LinkedIn,Fully Meets,1/14/2019
10218.0,0.0,3.0,0.0,3.0,5.0,3.0,0.0,66149.0,0.0,20.0,1824.0,20.0,4.4,5.0,0.0,0.0,1.0,"Gosciminski, Phylicia  ",Production Technician II,MA,12/08/83,F,Separated,US Citizen,No,American Indian or Alaska Native,9/30/2013,0,N/A-StillEmployed,Active,Production       ,Kissy Sullivan,Google Search,Fully Meets,2/21/2019
10256.0,1.0,1.0,0.0,3.0,5.0,3.0,0.0,49256.0,0.0,19.0,1864.0,20.0,4.1,5.0,0.0,0.0,3.0,"Goyal, Roxana",Production Technician I,MA,10/09/74,F,Married,US Citizen,No,Asian,8/19/2013,0,N/A-StillEmployed,Active,Production       ,Kissy Sullivan,LinkedIn,Fully Meets,2/15/2019
10098.0,0.0,2.0,1.0,1.0,5.0,3.0,0.0,62957.0,0.0,18.0,1752.0,2.0,4.63,3.0,0.0,0.0,2.0,"Gray, Elijiah  ",Production Manager,MA,07/11/81,M ,Divorced,US Citizen,No,White,6/2/2015,0,N/A-StillEmployed,Active,Production       ,Janet King,Employee Referral,Fully Meets,1/4/2019
10059.0,0.0,2.0,0.0,5.0,5.0,3.0,0.0,63813.0,1.0,19.0,2176.0,18.0,5.0,5.0,0.0,0.0,17.0,"Gross, Paula",Production Technician I,MA,05/21/83,F,Divorced,US Citizen,No,White,2/21/2011,1/11/2014,more money,Voluntarily Terminated,Production       ,Kelley Spirea,CareerBuilder,Fully Meets,6/3/2013
10234.0,1.0,1.0,1.0,1.0,3.0,3.0,0.0,99020.0,0.0,4.0,2134.0,13.0,4.2,5.0,5.0,0.0,8.0,"Gruber, Hans",BI Developer,MA,06/30/89,M ,Married,US Citizen,No,Black or African American,4/20/2017,0,N/A-StillEmployed,Active,IT/IS,Brian Champaigne,Indeed,Fully Meets,1/28/2019
10109.0,0.0,0.0,1.0,5.0,6.0,3.0,0.0,71707.0,1.0,3.0,37129.0,17.0,4.5,5.0,0.0,0.0,20.0,"Guilianno, Mike",Area Sales Manager,TN,02/09/69,M ,Single,US Citizen,No,Two or more races,3/7/2012,10/31/2014,relocation out of area,Voluntarily Terminated,Sales,John Smith,LinkedIn,Fully Meets,2/1/2013
10125.0,1.0,1.0,0.0,1.0,5.0,3.0,0.0,54828.0,0.0,19.0,2127.0,22.0,4.2,4.0,0.0,0.0,13.0,"Handschiegl, Joanne",Production Technician I,MA,03/23/77,F,Married,US Citizen,No,White,11/28/2011,0,N/A-StillEmployed,Active,Production       ,Michael Albert,Google Search,Fully Meets,2/22/2019
10074.0,0.0,0.0,1.0,1.0,5.0,3.0,0.0,64246.0,0.0,20.0,2155.0,18.0,5.0,3.0,0.0,0.0,20.0,"Hankard, Earnest",Production Technician II,MA,08/10/88,M ,Single,US Citizen,Yes,White,11/11/2013,0,N/A-StillEmployed,Active,Production       ,Kelley Spirea,LinkedIn,Fully Meets,1/8/2019
10097.0,0.0,0.0,0.0,5.0,5.0,3.0,0.0,52177.0,1.0,19.0,2324.0,39.0,4.64,4.0,0.0,0.0,8.0,"Harrington, Christie ",Production Technician I,MA,08/18/52,F,Single,US Citizen,No,White,1/9/2012,12/15/2015,retiring,Voluntarily Terminated,Production       ,Webster Butler,CareerBuilder,Fully Meets,5/2/2015
10007.0,1.0,1.0,0.0,1.0,5.0,4.0,0.0,62065.0,0.0,19.0,1886.0,11.0,4.76,4.0,0.0,0.0,5.0,"Harrison, Kara",Production Technician I,MA,05/02/74,F,Married,US Citizen,No,White,5/12/2014,0,N/A-StillEmployed,Active,Production       ,Amy Dunn,CareerBuilder,Exceeds,2/15/2019
10129.0,0.0,0.0,1.0,1.0,5.0,3.0,0.0,46998.0,0.0,19.0,2149.0,19.0,4.17,4.0,0.0,0.0,1.0,"Heitzman, Anthony",Production Technician I,MA,01/04/84,M ,Single,US Citizen,No,White,8/13/2012,0,N/A-StillEmployed,Active,Production       ,Ketsia Liebig,Google Search,Fully Meets,2/11/2019
10075.0,0.0,0.0,0.0,5.0,5.0,3.0,0.0,68099.0,1.0,20.0,2021.0,18.0,5.0,3.0,0.0,0.0,15.0,"Hendrickson, Trina",Production Technician II,MA,08/27/72,F,Single,US Citizen,No,White,1/10/2011,6/18/2013,hours,Voluntarily Terminated,Production       ,Kelley Spirea,CareerBuilder,Fully Meets,1/30/2013
10167.0,1.0,1.0,1.0,1.0,6.0,3.0,0.0,70545.0,0.0,3.0,3062.0,17.0,3.6,5.0,0.0,0.0,9.0,"Hitchcock, Alfred",Area Sales Manager,NH,09/14/88,M ,Married,US Citizen,No,American Indian or Alaska Native,8/18/2014,0,N/A-StillEmployed,Active,Sales,John Smith,Indeed,Fully Meets,1/30/2019
10195.0,1.0,1.0,0.0,5.0,5.0,3.0,0.0,63478.0,1.0,20.0,2445.0,30.0,3.03,5.0,0.0,0.0,16.0,"Homberger, Adrienne  J",Production Technician II,MA,02/16/84,F,Married,Non-Citizen,No,White,8/15/2011,4/7/2012,relocation out of area,Voluntarily Terminated,Production       ,Michael Albert,Indeed,Fully Meets,3/5/2012
10112.0,0.0,0.0,0.0,1.0,3.0,3.0,0.0,97999.0,0.0,8.0,2493.0,4.0,4.48,5.0,6.0,0.0,4.0,"Horton, Jayne",Database Administrator,MA,02/21/84,F,Single,US Citizen,No,White,3/30/2015,0,N/A-StillEmployed,Active,IT/IS,Simon Roup,Indeed,Fully Meets,1/3/2019
10272.0,1.0,1.0,0.0,1.0,6.0,3.0,0.0,180000.0,0.0,11.0,2908.0,2.0,4.5,4.0,0.0,0.0,19.0,"Houlihan, Debra",Director of Sales,RI,03/17/66,F,Married,US Citizen,No,White,5/5/2014,0,N/A-StillEmployed,Active,Sales,Janet King,LinkedIn,Fully Meets,1/21/2019
10182.0,1.0,1.0,0.0,1.0,1.0,3.0,0.0,49920.0,1.0,2.0,2170.0,1.0,3.24,3.0,4.0,0.0,6.0,"Howard, Estelle",Administrative Assistant,MA,09/16/85,F,Married,US Citizen,No,Black or African American,2/16/2015,4/15/2015,"no-call, no-show",Terminated for Cause,Admin Offices,Brandon R. LeBlanc,Indeed,Fully Meets,4/15/2015
10248.0,0.0,0.0,0.0,1.0,5.0,3.0,0.0,55425.0,0.0,19.0,2176.0,19.0,4.8,4.0,0.0,0.0,4.0,"Hudson, Jane",Production Technician I,MA,06/10/86,F,Single,US Citizen,No,White,2/20/2012,0,N/A-StillEmployed,Active,Production       ,Ketsia Liebig,LinkedIn,Fully Meets,1/7/2019
10201.0,0.0,0.0,0.0,2.0,5.0,3.0,0.0,69340.0,0.0,20.0,2021.0,16.0,3.0,5.0,0.0,0.0,4.0,"Hunts, Julissa",Production Technician II,MA,03/11/84,F,Single,US Citizen,No,White,6/6/2016,0,N/A-StillEmployed,Active,Production       ,Elijiah Gray,LinkedIn,Fully Meets,1/18/2019
10214.0,0.0,3.0,0.0,2.0,5.0,3.0,0.0,64995.0,0.0,20.0,2351.0,0.0,4.5,3.0,0.0,0.0,6.0,"Hutter, Rosalie",Production Technician II,MA,05/07/92,F,Separated,US Citizen,No,White,6/5/2015,0,N/A-StillEmployed,Active,Production       ,Webster Butler,Indeed,Fully Meets,2/14/2019
10160.0,0.0,2.0,0.0,5.0,5.0,3.0,0.0,68182.0,1.0,20.0,1742.0,11.0,3.72,3.0,0.0,0.0,18.0,"Huynh, Ming",Production Technician II,MA,09/22/76,F,Divorced,US Citizen,No,White,2/21/2011,4/1/2013,unhappy,Voluntarily Terminated,Production       ,Amy Dunn,Google Search,Fully Meets,2/1/2013
10289.0,1.0,1.0,1.0,5.0,5.0,2.0,0.0,83082.0,1.0,18.0,2128.0,2.0,2.34,2.0,0.0,3.0,4.0,"Immediato, Walter",Production Manager,MA,11/15/76,M ,Married,US Citizen,No,Asian,2/21/2011,9/24/2012,unhappy,Voluntarily Terminated,Production       ,Janet King,Indeed,Needs Improvement,4/12/2012
10139.0,0.0,0.0,0.0,1.0,5.0,3.0,0.0,51908.0,0.0,19.0,1775.0,12.0,3.99,3.0,0.0,0.0,14.0,"Ivey, Rose ",Production Technician I,MA,01/28/91,F,Single,US Citizen,No,White,8/19/2013,0,N/A-StillEmployed,Active,Production       ,Brannon Miller,Indeed,Fully Meets,1/14/2019
10227.0,0.0,0.0,0.0,1.0,5.0,3.0,0.0,61242.0,0.0,19.0,2081.0,14.0,4.1,3.0,0.0,0.0,7.0,"Jackson, Maryellen",Production Technician I,MA,09/11/72,F,Single,US Citizen,No,Black or African American,11/5/2012,0,N/A-StillEmployed,Active,Production       ,David Stanley,LinkedIn,Fully Meets,1/17/2019
10236.0,0.0,2.0,0.0,1.0,5.0,3.0,0.0,45069.0,0.0,19.0,1778.0,20.0,4.3,5.0,0.0,0.0,7.0,"Jacobi, Hannah  ",Production Technician I,MA,03/22/66,F,Divorced,US Citizen,No,White,9/30/2013,0,N/A-StillEmployed,Active,Production       ,Kissy Sullivan,Employee Referral,Fully Meets,2/22/2019
10009.0,0.0,2.0,0.0,1.0,5.0,4.0,0.0,60724.0,0.0,20.0,1821.0,19.0,4.6,4.0,0.0,0.0,11.0,"Jeannite, Tayana",Production Technician II,MA,11/06/86,F,Divorced,US Citizen,No,American Indian or Alaska Native,7/5/2011,0,N/A-StillEmployed,Active,Production       ,Ketsia Liebig,LinkedIn,Exceeds,2/25/2019
10060.0,0.0,3.0,0.0,1.0,5.0,3.0,0.0,60436.0,0.0,19.0,2109.0,18.0,5.0,5.0,0.0,0.0,9.0,"Jhaveri, Sneha  ",Production Technician I,MA,04/13/64,F,Separated,US Citizen,No,White,1/6/2014,0,N/A-StillEmployed,Active,Production       ,Kelley Spirea,LinkedIn,Fully Meets,1/21/2019
10034.0,1.0,1.0,1.0,5.0,5.0,4.0,0.0,46837.0,1.0,19.0,2445.0,22.0,4.7,4.0,0.0,0.0,9.0,"Johnson, George",Production Technician I,MA,08/19/59,M ,Married,US Citizen,No,White,11/7/2011,4/29/2018,more money,Voluntarily Terminated,Production       ,Michael Albert,CareerBuilder,Exceeds,2/14/2018
10156.0,1.0,1.0,0.0,3.0,3.0,3.0,0.0,105700.0,0.0,8.0,2301.0,4.0,3.75,3.0,5.0,0.0,2.0,"Johnson, Noelle ",Database Administrator,MA,11/07/86,F,Married,US Citizen,No,Asian,1/5/2015,0,N/A-StillEmployed,Active,IT/IS,Simon Roup,Indeed,Fully Meets,2/11/2019
10036.0,0.0,0.0,0.0,1.0,5.0,4.0,0.0,63322.0,0.0,20.0,2128.0,12.0,4.3,3.0,0.0,0.0,1.0,"Johnston, Yen",Production Technician II,MA,09/08/69,F,Single,US Citizen,No,White,7/7/2014,0,N/A-StillEmployed,Active,Production       ,Brannon Miller,LinkedIn,Exceeds,1/11/2019
10138.0,1.0,1.0,0.0,5.0,5.0,3.0,0.0,61154.0,1.0,19.0,2446.0,16.0,4.0,4.0,0.0,0.0,4.0,"Jung, Judy  ",Production Technician I,MA,04/17/86,F,Married,US Citizen,No,Black or African American,1/10/2011,4/1/2016,unhappy,Voluntarily Terminated,Production       ,Elijiah Gray,CareerBuilder,Fully Meets,2/3/2016
10244.0,0.0,0.0,0.0,5.0,6.0,3.0,0.0,68999.0,1.0,21.0,19444.0,15.0,4.5,5.0,0.0,0.0,2.0,"Kampew, Donysha",Sales Manager,PA,11/11/89,F,Single,US Citizen,No,White,11/7/2011,4/24/2014,maternity leave - did not return,Voluntarily Terminated,Sales,Debra Houlihan,Google Search,Fully Meets,3/30/2013
10192.0,0.0,0.0,1.0,1.0,5.0,3.0,0.0,50482.0,0.0,19.0,1887.0,22.0,3.07,4.0,0.0,0.0,10.0,"Keatts, Kramer ",Production Technician I,MA,01/19/76,M ,Single,US Citizen,No,White,9/30/2013,0,N/A-StillEmployed,Active,Production       ,Michael Albert,Indeed,Fully Meets,1/23/2019
10231.0,0.0,0.0,1.0,1.0,6.0,3.0,0.0,65310.0,0.0,3.0,80820.0,21.0,4.3,5.0,0.0,0.0,13.0,"Khemmich, Bartholemew",Area Sales Manager,CO,11/27/79,M ,Single,US Citizen,No,White,8/19/2013,0,N/A-StillEmployed,Active,Sales,Lynn Daneault,Indeed,Fully Meets,1/22/2019
10089.0,1.0,1.0,0.0,1.0,2.0,3.0,0.0,250000.0,0.0,16.0,1902.0,9.0,4.83,3.0,0.0,0.0,10.0,"King, Janet",President & CEO,MA,09/21/54,F,Married,US Citizen,Yes,White,7/2/2012,0,N/A-StillEmployed,Active,Executive Office,Board of Directors,Indeed,Fully Meets,1/17/2019
10166.0,1.0,1.0,0.0,5.0,5.0,3.0,0.0,54005.0,1.0,19.0,2170.0,39.0,3.6,5.0,0.0,0.0,16.0,"Kinsella, Kathleen  ",Production Technician I,MA,12/08/73,F,Married,US Citizen,No,White,9/26/2011,6/4/2015,more money,Voluntarily Terminated,Production       ,Webster Butler,Google Search,Fully Meets,3/1/2015
10170.0,1.0,1.0,0.0,5.0,5.0,3.0,0.0,45433.0,1.0,19.0,2127.0,11.0,3.49,4.0,0.0,0.0,6.0,"Kirill, Alexandra  ",Production Technician I,MA,10/08/70,F,Married,US Citizen,No,White,9/26/2011,1/9/2014,more money,Voluntarily Terminated,Production       ,Amy Dunn,Google Search,Fully Meets,1/30/2013
10208.0,0.0,0.0,1.0,1.0,5.0,3.0,0.0,46654.0,0.0,19.0,1721.0,19.0,3.1,3.0,0.0,0.0,3.0,"Knapp, Bradley  J",Production Technician I,MA,11/10/77,M ,Single,US Citizen,No,Black or African American,2/17/2014,0,N/A-StillEmployed,Active,Production       ,Ketsia Liebig,LinkedIn,Fully Meets,2/6/2019
10176.0,1.0,1.0,1.0,1.0,5.0,3.0,0.0,63973.0,0.0,19.0,1801.0,12.0,3.38,3.0,0.0,0.0,17.0,"Kretschmer, John",Production Technician I,MA,02/02/80,M ,Married,US Citizen,No,Asian,1/10/2011,0,N/A-StillEmployed,Active,Production       ,Brannon Miller,Indeed,Fully Meets,1/21/2019
10165.0,0.0,0.0,1.0,1.0,6.0,3.0,1.0,71339.0,0.0,3.0,10171.0,17.0,3.65,5.0,0.0,0.0,20.0,"Kreuger, Freddy",Area Sales Manager,NY,02/24/69,M ,Single,US Citizen,Yes,Black or African American,3/7/2011,0,N/A-StillEmployed,Active,Sales,John Smith,Diversity Job Fair,Fully Meets,1/17/2019
10113.0,1.0,1.0,1.0,3.0,3.0,3.0,0.0,93206.0,0.0,28.0,2169.0,7.0,4.46,5.0,6.0,0.0,7.0,"Lajiri,  Jyoti",Sr. Network Engineer,MA,04/23/86,M ,Married,US Citizen,No,White,11/10/2014,0,N/A-StillEmployed,Active,IT/IS,Peter Monroe,Employee Referral,Fully Meets,1/7/2019
10092.0,1.0,1.0,1.0,4.0,5.0,3.0,0.0,82758.0,1.0,18.0,1890.0,2.0,4.78,4.0,0.0,0.0,9.0,"Landa, Hans",Production Manager,MA,07/01/72,M ,Married,US Citizen,No,White,1/10/2011,12/12/2015,attendance,Terminated for Cause,Production       ,Janet King,Employee Referral,Fully Meets,2/15/2015
10106.0,0.0,2.0,0.0,5.0,5.0,3.0,0.0,66074.0,1.0,20.0,2090.0,14.0,4.52,3.0,0.0,0.0,20.0,"Langford, Lindsey",Production Technician II,MA,07/25/79,F,Divorced,US Citizen,No,Asian,1/7/2013,3/31/2014,Another position,Voluntarily Terminated,Production       ,David Stanley,Indeed,Fully Meets,2/20/2014
10052.0,1.0,1.0,1.0,1.0,5.0,3.0,0.0,46120.0,0.0,19.0,2048.0,14.0,5.0,5.0,0.0,0.0,13.0,"Langton, Enrico",Production Technician I,MA,12/09/86,M ,Married,US Citizen,No,White,7/9/2012,0,N/A-StillEmployed,Active,Production       ,David Stanley,LinkedIn,Fully Meets,2/4/2019
10038.0,0.0,2.0,1.0,1.0,1.0,3.0,0.0,64520.0,0.0,1.0,1460.0,1.0,5.0,4.0,4.0,0.0,3.0,"LaRotonda, William  ",Accountant I,MA,04/26/84,M ,Divorced,US Citizen,No,Black or African American,1/6/2014,0,N/A-StillEmployed,Active,Admin Offices,Brandon R. LeBlanc,Website,Fully Meets,1/17/2019
10249.0,1.0,1.0,1.0,5.0,5.0,3.0,0.0,61962.0,1.0,20.0,2126.0,20.0,4.9,3.0,0.0,0.0,20.0,"Latif, Mohammed",Production Technician II,MA,05/09/84,M ,Married,US Citizen,No,White,4/2/2012,4/15/2013,more money,Voluntarily Terminated,Production       ,Kissy Sullivan,Google Search,Fully Meets,2/20/2013
10232.0,0.0,0.0,0.0,1.0,3.0,3.0,0.0,81584.0,0.0,22.0,1886.0,13.0,4.1,5.0,7.0,0.0,2.0,"Le, Binh",Senior BI Developer,MA,06/14/87,F,Single,US Citizen,No,Asian,10/2/2016,0,N/A-StillEmployed,Active,IT/IS,Brian Champaigne,Indeed,Fully Meets,1/8/2019
10087.0,0.0,0.0,0.0,5.0,5.0,3.0,0.0,63676.0,1.0,19.0,1810.0,20.0,4.88,3.0,0.0,0.0,17.0,"Leach, Dallas",Production Technician I,MA,01/17/79,F,Single,US Citizen,No,Asian,9/26/2011,8/19/2018,return to school,Voluntarily Terminated,Production       ,Kissy Sullivan,CareerBuilder,Fully Meets,7/2/2017
10134.0,1.0,1.0,1.0,1.0,1.0,3.0,0.0,93046.0,0.0,23.0,1460.0,2.0,4.1,4.0,0.0,0.0,20.0,"LeBlanc, Brandon  R",Shared Services Manager,MA,06/10/84,M ,Married,US Citizen,No,White,1/5/2016,0,N/A-StillEmployed,Active,Admin Offices,Janet King,CareerBuilder,Fully Meets,1/28/2019
10251.0,1.0,1.0,1.0,1.0,5.0,3.0,0.0,64738.0,0.0,19.0,1776.0,16.0,4.1,3.0,0.0,0.0,10.0,"Lecter, Hannibal",Production Technician I,MA,09/02/82,M ,Married,US Citizen,No,Asian,5/14/2012,0,N/A-StillEmployed,Active,Production       ,Elijiah Gray,Google Search,Fully Meets,2/22/2019
10103.0,0.0,3.0,1.0,1.0,6.0,3.0,0.0,70468.0,0.0,3.0,84111.0,17.0,4.53,3.0,0.0,0.0,16.0,"Leruth, Giovanni",Area Sales Manager,UT,12/27/88,M ,Separated,US Citizen,No,Black or African American,4/30/2012,0,N/A-StillEmployed,Active,Sales,John Smith,Website,Fully Meets,1/29/2019
10017.0,1.0,1.0,0.0,1.0,5.0,4.0,0.0,77915.0,0.0,18.0,2110.0,2.0,4.1,3.0,0.0,0.0,11.0,"Liebig, Ketsia",Production Manager,MA,10/26/81,F,Married,US Citizen,No,White,9/30/2013,0,N/A-StillEmployed,Active,Production       ,Janet King,Website,Exceeds,1/21/2019
10186.0,1.0,1.0,0.0,5.0,5.0,3.0,0.0,52624.0,1.0,19.0,1886.0,22.0,3.18,4.0,0.0,0.0,16.0,"Linares, Marilyn ",Production Technician I,MA,03/26/81,F,Married,US Citizen,No,White,7/5/2011,9/26/2018,unhappy,Voluntarily Terminated,Production       ,Michael Albert,Indeed,Fully Meets,3/2/2018
10137.0,1.0,1.0,1.0,3.0,5.0,3.0,0.0,63450.0,0.0,20.0,1770.0,18.0,4.0,3.0,0.0,0.0,7.0,"Linden, Mathew",Production Technician II,MA,03/19/79,M ,Married,US Citizen,No,White,7/8/2013,0,N/A-StillEmployed,Active,Production       ,Kelley Spirea,LinkedIn,Fully Meets,2/18/2019
10008.0,0.0,0.0,0.0,1.0,3.0,4.0,1.0,51777.0,0.0,14.0,6070.0,6.0,4.64,4.0,5.0,0.0,14.0,"Lindsay, Leonara ",IT Support,CT,10/05/88,F,Single,US Citizen,Yes,Black or African American,1/21/2011,0,N/A-StillEmployed,Active,IT/IS,Eric Dougall,Diversity Job Fair,Exceeds,1/25/2019
10096.0,0.0,4.0,0.0,5.0,5.0,3.0,0.0,67237.0,1.0,20.0,2122.0,22.0,4.65,4.0,0.0,0.0,15.0,"Lundy, Susan",Production Technician II,MA,12/26/76,F,Widowed,US Citizen,No,White,7/8/2013,9/15/2016,more money,Voluntarily Terminated,Production       ,Michael Albert,LinkedIn,Fully Meets,6/10/2016
10035.0,0.0,0.0,0.0,1.0,5.0,4.0,0.0,73330.0,0.0,20.0,2324.0,16.0,4.2,4.0,0.0,0.0,19.0,"Lunquist, Lisa",Production Technician II,MA,03/28/82,F,Single,US Citizen,No,Black or African American,8/19/2013,0,N/A-StillEmployed,Active,Production       ,Elijiah Gray,Indeed,Exceeds,2/12/2019
10057.0,1.0,1.0,0.0,3.0,5.0,3.0,0.0,52057.0,0.0,19.0,2122.0,16.0,5.0,3.0,0.0,0.0,6.0,"Lydon, Allison",Production Technician I,MA,10/22/75,F,Married,US Citizen,No,Black or African American,2/16/2015,0,N/A-StillEmployed,Active,Production       ,Elijiah Gray,Website,Fully Meets,1/23/2019
10004.0,0.0,0.0,0.0,5.0,5.0,4.0,1.0,47434.0,1.0,19.0,1844.0,39.0,5.0,4.0,0.0,0.0,17.0,"Lynch, Lindsay",Production Technician I,MA,02/14/73,F,Single,US Citizen,Yes,Black or African American,11/7/2011,11/14/2015,Another position,Voluntarily Terminated,Production       ,Webster Butler,Diversity Job Fair,Exceeds,2/2/2015
10191.0,0.0,4.0,1.0,5.0,5.0,3.0,0.0,52788.0,1.0,19.0,1938.0,11.0,3.08,4.0,0.0,0.0,18.0,"MacLennan, Samuel",Production Technician I,MA,11/09/72,M ,Widowed,US Citizen,No,White,9/24/2012,9/26/2017,hours,Voluntarily Terminated,Production       ,Amy Dunn,Indeed,Fully Meets,4/1/2017
10219.0,0.0,0.0,0.0,1.0,5.0,3.0,0.0,45395.0,0.0,19.0,2189.0,19.0,4.6,4.0,0.0,0.0,14.0,"Mahoney, Lauren  ",Production Technician I,MA,07/07/86,F,Single,US Citizen,No,White,1/6/2014,0,N/A-StillEmployed,Active,Production       ,Ketsia Liebig,LinkedIn,Fully Meets,2/26/2019
10077.0,1.0,1.0,0.0,2.0,5.0,3.0,0.0,62385.0,0.0,20.0,2324.0,0.0,5.0,3.0,0.0,0.0,4.0,"Manchester, Robyn",Production Technician II,MA,08/25/76,F,Married,US Citizen,No,White,5/11/2016,0,N/A-StillEmployed,Active,Production       ,Webster Butler,LinkedIn,Fully Meets,1/21/2019
10073.0,1.0,1.0,0.0,5.0,5.0,3.0,0.0,68407.0,1.0,20.0,2176.0,11.0,5.0,4.0,0.0,0.0,16.0,"Mancuso, Karen",Production Technician II,MA,12/10/86,F,Married,US Citizen,No,Two or more races,7/5/2011,8/19/2012,Another position,Voluntarily Terminated,Production       ,Amy Dunn,LinkedIn,Fully Meets,7/2/2012
10279.0,1.0,1.0,0.0,1.0,5.0,3.0,0.0,61349.0,0.0,19.0,2451.0,12.0,4.1,3.0,0.0,0.0,11.0,"Mangal, Debbie",Production Technician I,MA,11/07/74,F,Married,US Citizen,No,White,11/11/2013,0,N/A-StillEmployed,Active,Production       ,Brannon Miller,LinkedIn,Fully Meets,1/22/2019
10110.0,0.0,0.0,0.0,1.0,4.0,3.0,0.0,105688.0,0.0,24.0,2135.0,10.0,4.5,5.0,4.0,0.0,14.0,"Martin, Sandra",Software Engineer,MA,11/07/87,F,Single,US Citizen,No,Asian,11/11/2013,0,N/A-StillEmployed,Active,Software Engineering,Alex Sweetwater,Google Search,Fully Meets,1/14/2019
10053.0,1.0,1.0,0.0,1.0,5.0,3.0,0.0,54132.0,0.0,19.0,2330.0,14.0,5.0,4.0,0.0,0.0,8.0,"Maurice, Shana",Production Technician I,MA,11/22/77,F,Married,US Citizen,No,White,5/31/2011,0,N/A-StillEmployed,Active,Production       ,David Stanley,Indeed,Fully Meets,1/10/2019
10076.0,0.0,0.0,0.0,1.0,5.0,3.0,0.0,55315.0,0.0,20.0,2149.0,19.0,5.0,5.0,0.0,0.0,16.0,"Carthy, B'rigit",Production Technician II,MA,05/21/87,F,Single,US Citizen,No,Black or African American,3/30/2015,0,N/A-StillEmployed,Active,Production       ,Ketsia Liebig,LinkedIn,Fully Meets,2/7/2019
10145.0,1.0,1.0,0.0,1.0,5.0,3.0,0.0,62810.0,0.0,19.0,2184.0,20.0,3.93,3.0,0.0,0.0,20.0,"Mckenna, Sandy",Production Technician I,MA,01/07/87,F,Married,US Citizen,No,Black or African American,1/7/2013,0,N/A-StillEmployed,Active,Production       ,Kissy Sullivan,CareerBuilder,Fully Meets,1/30/2019
10202.0,1.0,1.0,1.0,2.0,6.0,3.0,0.0,63291.0,0.0,3.0,78789.0,21.0,3.4,4.0,0.0,0.0,7.0,"McKinzie, Jac",Area Sales Manager,TX,07/01/84,M ,Married,US Citizen,No,Two or more races,7/6/2016,0,N/A-StillEmployed,Active,Sales,Lynn Daneault,Website,Fully Meets,1/29/2019
10128.0,0.0,0.0,0.0,5.0,5.0,3.0,1.0,62659.0,1.0,19.0,1760.0,18.0,4.18,4.0,0.0,0.0,17.0,"Meads, Elizabeth",Production Technician I,MA,05/30/68,F,Single,US Citizen,No,Black or African American,4/2/2012,11/11/2016,Another position,Voluntarily Terminated,Production       ,Kelley Spirea,Diversity Job Fair,Fully Meets,2/5/2016
10068.0,0.0,0.0,0.0,1.0,5.0,3.0,0.0,55688.0,0.0,19.0,2346.0,22.0,5.0,4.0,0.0,0.0,10.0,"Medeiros, Jennifer",Production Technician I,MA,09/22/76,F,Single,US Citizen,No,White,3/30/2015,0,N/A-StillEmployed,Active,Production       ,Michael Albert,CareerBuilder,Fully Meets,1/21/2019
10116.0,0.0,0.0,1.0,1.0,5.0,3.0,0.0,83667.0,0.0,18.0,2045.0,2.0,4.37,3.0,0.0,0.0,2.0,"Miller, Brannon",Production Manager,MA,08/10/81,M ,Single,US Citizen,yes,Hispanic,8/16/2012,0,N/A-StillEmployed,Active,Production       ,Janet King,Indeed,Fully Meets,1/14/2019
10298.0,0.0,0.0,1.0,5.0,5.0,1.0,0.0,55800.0,1.0,20.0,2472.0,12.0,3.0,2.0,0.0,6.0,6.0,"Miller, Ned",Production Technician II,MA,06/29/85,M ,Single,US Citizen,No,White,8/15/2011,9/4/2014,unhappy,Voluntarily Terminated,Production       ,Brannon Miller,LinkedIn,PIP,1/14/2013
10213.0,1.0,1.0,1.0,1.0,5.0,3.0,0.0,58207.0,0.0,20.0,1450.0,14.0,3.7,3.0,0.0,0.0,14.0,"Monkfish, Erasumus",Production Technician II,MA,08/17/92,M ,Married,US Citizen,No,White,11/7/2011,0,N/A-StillEmployed,Active,Production       ,David Stanley,LinkedIn,Fully Meets,1/8/2019
10288.0,1.0,1.0,1.0,1.0,3.0,2.0,1.0,157000.0,0.0,13.0,2134.0,5.0,2.39,3.0,6.0,4.0,13.0,"Monroe, Peter",IT Manager - Infra,MA,10/05/86,M ,Married,Eligible NonCitizen,Yes,Black or African American,2/15/2012,0,N/A-StillEmployed,Active,IT/IS,Jennifer Zamora,Diversity Job Fair,Needs Improvement,2/22/2019
10025.0,0.0,0.0,0.0,1.0,5.0,4.0,0.0,72460.0,0.0,20.0,2126.0,20.0,4.7,3.0,0.0,0.0,1.0,"Monterro, Luisa",Production Technician II,MA,04/24/70,F,Single,US Citizen,No,Black or African American,5/13/2013,0,N/A-StillEmployed,Active,Production       ,Kissy Sullivan,Indeed,Exceeds,1/14/2019
10223.0,0.0,0.0,1.0,3.0,5.0,3.0,1.0,72106.0,0.0,20.0,2127.0,18.0,4.1,4.0,0.0,0.0,12.0,"Moran, Patrick",Production Technician II,MA,12/03/76,M ,Single,US Citizen,No,Black or African American,1/9/2012,0,N/A-StillEmployed,Active,Production       ,Kelley Spirea,Diversity Job Fair,Fully Meets,1/31/2019
10151.0,1.0,1.0,0.0,1.0,3.0,3.0,0.0,52599.0,0.0,15.0,2048.0,7.0,3.81,3.0,6.0,0.0,6.0,"Morway, Tanya",Network Engineer,MA,04/04/79,F,Married,US Citizen,No,White,2/16/2015,0,N/A-StillEmployed,Active,IT/IS,Peter Monroe,CareerBuilder,Fully Meets,2/11/2019
10254.0,0.0,2.0,0.0,1.0,5.0,3.0,0.0,63430.0,0.0,19.0,2453.0,16.0,4.4,4.0,0.0,0.0,18.0,"Motlagh,  Dawn",Production Technician I,MA,07/07/84,F,Divorced,US Citizen,No,White,4/1/2013,0,N/A-StillEmployed,Active,Production       ,Elijiah Gray,LinkedIn,Fully Meets,1/17/2019
10120.0,0.0,3.0,1.0,1.0,5.0,3.0,0.0,74417.0,0.0,20.0,1460.0,22.0,4.29,5.0,0.0,0.0,11.0,"Moumanil, Maliki ",Production Technician II,MA,12/01/74,M ,Separated,US Citizen,No,Black or African American,5/13/2013,0,N/A-StillEmployed,Active,Production       ,Michael Albert,LinkedIn,Fully Meets,1/28/2019
10216.0,0.0,0.0,1.0,1.0,5.0,3.0,0.0,57575.0,0.0,19.0,1550.0,20.0,4.1,4.0,0.0,0.0,13.0,"Myers, Michael",Production Technician I,MA,04/18/80,M ,Single,US Citizen,No,Asian,7/8/2013,0,N/A-StillEmployed,Active,Production       ,Kissy Sullivan,LinkedIn,Fully Meets,1/22/2019
10079.0,0.0,0.0,1.0,1.0,3.0,3.0,0.0,87921.0,0.0,22.0,2056.0,13.0,5.0,3.0,6.0,0.0,17.0,"Navathe, Kurt",Senior BI Developer,MA,04/25/70,M ,Single,US Citizen,No,Asian,2/10/2017,0,N/A-StillEmployed,Active,IT/IS,Brian Champaigne,Indeed,Fully Meets,2/25/2019
10215.0,0.0,0.0,1.0,5.0,5.0,3.0,1.0,50470.0,1.0,19.0,2110.0,39.0,4.3,3.0,0.0,0.0,19.0,"Ndzi, Colombui",Production Technician I,MA,05/02/89,M ,Single,US Citizen,No,Black or African American,9/26/2011,4/4/2014,return to school,Voluntarily Terminated,Production       ,Webster Butler,Diversity Job Fair,Fully Meets,3/2/2013
10185.0,1.0,1.0,1.0,5.0,5.0,3.0,0.0,46664.0,1.0,19.0,2421.0,11.0,3.18,3.0,0.0,0.0,10.0,"Ndzi, Horia",Production Technician I,MA,03/28/83,M ,Married,US Citizen,No,White,4/1/2013,5/25/2016,more money,Voluntarily Terminated,Production       ,Amy Dunn,Employee Referral,Fully Meets,3/6/2016
10063.0,1.0,1.0,1.0,3.0,5.0,3.0,0.0,48495.0,0.0,19.0,2136.0,19.0,5.0,5.0,0.0,0.0,11.0,"Newman, Richard ",Production Technician I,MA,04/08/77,M ,Married,US Citizen,No,White,5/12/2014,0,N/A-StillEmployed,Active,Production       ,Ketsia Liebig,LinkedIn,Fully Meets,2/18/2019
10037.0,0.0,3.0,0.0,1.0,5.0,4.0,1.0,52984.0,0.0,19.0,1810.0,12.0,4.0,3.0,0.0,0.0,12.0,"Ngodup, Shari ",Production Technician I,MA,06/03/67,F,Separated,US Citizen,No,Black or African American,4/1/2013,0,N/A-StillEmployed,Active,Production       ,Brannon Miller,Diversity Job Fair,Exceeds,2/13/2019
10042.0,0.0,0.0,0.0,1.0,6.0,3.0,0.0,63695.0,0.0,3.0,30428.0,21.0,5.0,5.0,0.0,0.0,2.0,"Nguyen, Dheepa",Area Sales Manager,GA,03/31/89,F,Single,US Citizen,No,Two or more races,7/8/2013,0,N/A-StillEmployed,Active,Sales,Lynn Daneault,Indeed,Fully Meets,1/25/2019
10206.0,0.0,0.0,0.0,1.0,5.0,3.0,0.0,62061.0,0.0,19.0,2132.0,14.0,3.6,5.0,0.0,0.0,4.0,"Nguyen, Lei-Ming",Production Technician I,MA,07/07/84,F,Single,US Citizen,No,White,7/8/2013,0,N/A-StillEmployed,Active,Production       ,David Stanley,LinkedIn,Fully Meets,1/2/2019
10104.0,0.0,0.0,0.0,1.0,5.0,3.0,0.0,66738.0,0.0,20.0,1040.0,16.0,4.53,5.0,0.0,0.0,5.0,"Nowlan, Kristie",Production Technician II,MA,11/23/85,F,Single,US Citizen,No,White,11/10/2014,0,N/A-StillEmployed,Active,Production       ,Elijiah Gray,Indeed,Fully Meets,1/16/2019
10303.0,0.0,0.0,0.0,4.0,5.0,1.0,0.0,52674.0,1.0,19.0,2152.0,20.0,2.33,2.0,0.0,6.0,3.0,"O'hare, Lynn",Production Technician I,MA,09/30/80,F,Single,US Citizen,No,Two or more races,3/31/2014,5/1/2018,performance,Terminated for Cause,Production       ,Kissy Sullivan,LinkedIn,PIP,3/9/2018
10078.0,1.0,1.0,0.0,5.0,5.0,3.0,0.0,71966.0,1.0,20.0,2492.0,39.0,5.0,3.0,0.0,0.0,17.0,"Oliver, Brooke ",Production Technician II,MA,02/11/52,F,Married,US Citizen,No,Asian,5/14/2012,8/19/2013,unhappy,Voluntarily Terminated,Production       ,Webster Butler,LinkedIn,Fully Meets,7/2/2013
10121.0,0.0,0.0,0.0,1.0,6.0,3.0,0.0,63051.0,0.0,3.0,33174.0,21.0,4.28,3.0,0.0,0.0,1.0,"Onque, Jasmine",Area Sales Manager,FL,05/11/90,F,Single,US Citizen,Yes,White,9/30/2013,0,N/A-StillEmployed,Active,Sales,Lynn Daneault,Indeed,Fully Meets,1/25/2019
10021.0,1.0,1.0,1.0,1.0,5.0,4.0,0.0,47414.0,0.0,19.0,2478.0,18.0,5.0,3.0,0.0,0.0,13.0,"Osturnka, Adeel",Production Technician I,MA,12/11/76,M ,Married,US Citizen,No,White,9/30/2013,0,N/A-StillEmployed,Active,Production       ,Kelley Spirea,LinkedIn,Exceeds,2/7/2019
10281.0,0.0,0.0,1.0,1.0,5.0,2.0,0.0,53060.0,0.0,19.0,1760.0,22.0,4.25,3.0,0.0,4.0,6.0,"Owad, Clinton",Production Technician I,MA,11/24/79,M ,Single,US Citizen,No,Black or African American,2/17/2014,0,N/A-StillEmployed,Active,Production       ,Michael Albert,LinkedIn,Needs Improvement,2/4/2019
10041.0,0.0,0.0,1.0,1.0,6.0,3.0,0.0,68829.0,0.0,3.0,27229.0,17.0,5.0,5.0,0.0,0.0,18.0,"Ozark, Travis",Area Sales Manager,NC,05/19/82,M ,Single,US Citizen,No,White,1/5/2015,0,N/A-StillEmployed,Active,Sales,John Smith,Website,Fully Meets,1/14/2019
10148.0,1.0,1.0,0.0,5.0,5.0,3.0,0.0,63515.0,1.0,19.0,2351.0,16.0,3.89,4.0,0.0,0.0,7.0,"Panjwani, Nina",Production Technician I,MA,05/01/79,F,Married,US Citizen,No,White,2/7/2011,1/12/2014,Another position,Voluntarily Terminated,Production       ,Elijiah Gray,Google Search,Fully Meets,3/4/2013
10005.0,0.0,0.0,1.0,5.0,4.0,4.0,1.0,108987.0,1.0,24.0,1844.0,10.0,5.0,5.0,3.0,0.0,13.0,"Patronick, Lucas",Software Engineer,MA,02/20/79,M ,Single,US Citizen,No,Black or African American,11/7/2011,9/7/2015,Another position,Voluntarily Terminated,Software Engineering,Alex Sweetwater,Diversity Job Fair,Exceeds,8/16/2015
10259.0,1.0,1.0,1.0,5.0,3.0,3.0,0.0,93093.0,1.0,9.0,2747.0,4.0,4.7,4.0,5.0,0.0,19.0,"Pearson, Randall",Data Analyst,MA,09/05/84,M ,Married,US Citizen,No,White,12/1/2014,5/1/2016,performance,Voluntarily Terminated,IT/IS,Simon Roup,Employee Referral,Fully Meets,1/16/2016
10286.0,0.0,0.0,1.0,5.0,5.0,2.0,0.0,53564.0,1.0,19.0,2458.0,39.0,3.54,5.0,0.0,4.0,15.0,"Smith, Martin",Production Technician I,MA,03/17/88,M ,Single,US Citizen,No,Black or African American,1/10/2011,12/28/2017,career change,Voluntarily Terminated,Production       ,Webster Butler,Google Search,Needs Improvement,4/6/2017
10297.0,1.0,1.0,0.0,5.0,5.0,2.0,0.0,60270.0,1.0,20.0,2472.0,11.0,2.4,5.0,0.0,5.0,2.0,"Pelletier, Ermine",Production Technician II,MA,07/18/89,F,Married,US Citizen,No,Asian,7/5/2011,9/15/2015,unhappy,Voluntarily Terminated,Production       ,Amy Dunn,CareerBuilder,Needs Improvement,2/6/2015
10171.0,0.0,0.0,0.0,5.0,5.0,3.0,0.0,45998.0,1.0,19.0,2176.0,11.0,3.45,4.0,0.0,0.0,5.0,"Perry, Shakira",Production Technician I,MA,07/20/86,F,Single,US Citizen,No,White,5/16/2011,10/25/2015,medical issues,Voluntarily Terminated,Production       ,Amy Dunn,LinkedIn,Fully Meets,5/13/2014
10032.0,1.0,1.0,0.0,5.0,5.0,4.0,0.0,57954.0,1.0,20.0,1886.0,19.0,4.2,5.0,0.0,0.0,12.0,"Peters, Lauren",Production Technician II,MA,08/17/86,F,Married,US Citizen,No,White,5/16/2011,2/4/2013,more money,Voluntarily Terminated,Production       ,Ketsia Liebig,Indeed,Exceeds,1/10/2013
10130.0,1.0,1.0,0.0,5.0,5.0,3.0,0.0,74669.0,1.0,18.0,2030.0,2.0,4.16,5.0,0.0,0.0,6.0,"Peterson, Ebonee  ",Production Manager,MA,05/09/77,F,Married,US Citizen,No,White,10/25/2010,5/18/2016,Another position,Voluntarily Terminated,Production       ,Janet King,Indeed,Fully Meets,3/5/2015
10217.0,1.0,1.0,0.0,1.0,5.0,3.0,0.0,74226.0,0.0,20.0,2050.0,12.0,4.3,3.0,0.0,0.0,14.0,"Petingill, Shana  ",Production Technician II,MA,03/10/79,F,Married,Eligible NonCitizen,No,Asian,4/2/2012,0,N/A-StillEmployed,Active,Production       ,Brannon Miller,LinkedIn,Fully Meets,1/14/2019
10016.0,1.0,1.0,0.0,1.0,3.0,4.0,0.0,93554.0,0.0,9.0,1886.0,4.0,4.6,5.0,7.0,0.0,16.0,"Petrowsky, Thelma",Data Analyst,MA,09/16/84,F,Married,US Citizen,No,Black or African American,11/10/2014,0,N/A-StillEmployed,Active,IT/IS,Simon Roup,Employee Referral,Exceeds,1/4/2019
10050.0,1.0,1.0,1.0,5.0,5.0,3.0,0.0,64724.0,1.0,19.0,2451.0,12.0,5.0,3.0,0.0,0.0,13.0,"Pham, Hong",Production Technician I,MA,03/06/88,M ,Married,US Citizen,No,Asian,7/5/2011,11/30/2012,more money,Voluntarily Terminated,Production       ,Brannon Miller,Google Search,Fully Meets,2/20/2012
10164.0,0.0,0.0,1.0,1.0,5.0,3.0,0.0,47001.0,0.0,19.0,2451.0,14.0,3.66,3.0,0.0,0.0,15.0,"Pitt, Brad ",Production Technician I,MA,11/23/81,M ,Single,US Citizen,No,White,11/5/2007,0,N/A-StillEmployed,Active,Production       ,David Stanley,Google Search,Fully Meets,2/25/2019
10124.0,1.0,1.0,0.0,1.0,6.0,3.0,0.0,61844.0,0.0,3.0,40220.0,21.0,4.2,5.0,0.0,0.0,9.0,"Potts, Xana",Area Sales Manager,KY,08/29/88,F,Married,US Citizen,No,Black or African American,1/9/2012,0,N/A-StillEmployed,Active,Sales,Lynn Daneault,Website,Fully Meets,2/1/2019
10187.0,0.0,2.0,0.0,5.0,5.0,3.0,0.0,46799.0,1.0,19.0,1742.0,20.0,3.17,4.0,0.0,0.0,14.0,"Power, Morissa",Production Technician I,MA,10/15/84,F,Divorced,Eligible NonCitizen,No,Asian,5/16/2011,6/4/2018,Another position,Voluntarily Terminated,Production       ,Kissy Sullivan,Google Search,Fully Meets,4/2/2018
10225.0,0.0,0.0,1.0,1.0,5.0,3.0,0.0,59472.0,0.0,19.0,2109.0,18.0,4.8,3.0,0.0,0.0,14.0,"Punjabhi, Louis  ",Production Technician I,MA,06/19/61,M ,Single,US Citizen,No,White,1/6/2014,0,N/A-StillEmployed,Active,Production       ,Kelley Spirea,Employee Referral,Fully Meets,1/7/2019
10262.0,0.0,2.0,0.0,5.0,5.0,3.0,0.0,46430.0,1.0,19.0,2474.0,20.0,4.5,5.0,0.0,0.0,16.0,"Purinton, Janine",Production Technician I,MA,09/22/70,F,Divorced,US Citizen,No,White,9/24/2012,6/18/2013,unhappy,Voluntarily Terminated,Production       ,Kissy Sullivan,Indeed,Fully Meets,4/2/2013
10131.0,1.0,1.0,1.0,5.0,1.0,3.0,1.0,83363.0,1.0,23.0,2045.0,2.0,4.15,4.0,0.0,0.0,4.0,"Quinn, Sean",Software Engineer,MA,11/06/84,M ,Married,Eligible NonCitizen,No,Black or African American,2/21/2011,8/15/2015,career change,Voluntarily Terminated,Software Engineering,Janet King,Diversity Job Fair,Fully Meets,4/19/2014
10239.0,1.0,1.0,0.0,1.0,3.0,3.0,0.0,95920.0,0.0,4.0,2110.0,13.0,4.4,4.0,6.0,0.0,10.0,"Rachael, Maggie",BI Developer,MA,05/12/80,F,Married,US Citizen,No,Black or African American,10/2/2016,0,N/A-StillEmployed,Active,IT/IS,Brian Champaigne,Indeed,Fully Meets,2/6/2019
10152.0,0.0,2.0,1.0,5.0,5.0,3.0,0.0,61729.0,1.0,19.0,2478.0,22.0,3.8,5.0,0.0,0.0,19.0,"Rarrick, Quinn",Production Technician I,MA,12/31/84,M ,Divorced,US Citizen,No,White,9/26/2011,4/7/2018,more money,Voluntarily Terminated,Production       ,Michael Albert,Indeed,Fully Meets,2/4/2018
10140.0,1.0,1.0,1.0,1.0,6.0,3.0,0.0,61809.0,0.0,3.0,83706.0,17.0,3.98,3.0,0.0,0.0,4.0,"Ren, Kylo",Area Sales Manager,ID,10/12/54,M ,Married,US Citizen,No,White,5/12/2014,0,N/A-StillEmployed,Active,Sales,John Smith,CareerBuilder,Fully Meets,1/28/2019
10058.0,0.0,2.0,1.0,5.0,5.0,3.0,0.0,45115.0,1.0,19.0,2176.0,16.0,5.0,4.0,0.0,0.0,11.0,"Rhoads, Thomas",Production Technician I,MA,07/22/82,M ,Divorced,US Citizen,Yes,White,5/16/2011,1/15/2016,retiring,Voluntarily Terminated,Production       ,Elijiah Gray,LinkedIn,Fully Meets,3/30/2015
10011.0,1.0,1.0,0.0,1.0,5.0,4.0,0.0,46738.0,0.0,19.0,2171.0,0.0,4.36,5.0,0.0,0.0,16.0,"Rivera, Haley  ",Production Technician I,MA,01/12/73,F,Married,US Citizen,No,Asian,11/28/2011,0,N/A-StillEmployed,Active,Production       ,Webster Butler,Google Search,Exceeds,2/11/2019
10230.0,0.0,2.0,0.0,5.0,5.0,3.0,0.0,64971.0,1.0,20.0,1902.0,14.0,4.5,4.0,0.0,0.0,10.0,"Roberson, May",Production Technician II,MA,09/05/81,F,Divorced,Eligible NonCitizen,No,Black or African American,9/26/2011,10/22/2011,return to school,Voluntarily Terminated,Production       ,David Stanley,Google Search,Fully Meets,10/22/2011
10224.0,1.0,1.0,1.0,5.0,5.0,3.0,0.0,55578.0,1.0,20.0,2138.0,20.0,4.2,5.0,0.0,0.0,13.0,"Robertson, Peter",Production Technician II,MA,07/03/72,M ,Married,US Citizen,No,White,7/5/2011,2/8/2012,Another position,Voluntarily Terminated,Production       ,Kissy Sullivan,Indeed,Fully Meets,1/6/2012
10047.0,1.0,1.0,1.0,5.0,5.0,3.0,0.0,50428.0,1.0,19.0,1420.0,11.0,5.0,3.0,0.0,0.0,11.0,"Robinson, Alain  ",Production Technician I,MA,01/07/74,M ,Married,US Citizen,No,Black or African American,1/10/2011,1/26/2016,attendance,Voluntarily Terminated,Production       ,Amy Dunn,Indeed,Fully Meets,1/10/2015
10285.0,1.0,1.0,0.0,4.0,5.0,2.0,0.0,61422.0,1.0,19.0,1460.0,19.0,3.6,3.0,0.0,4.0,16.0,"Robinson, Cherly",Production Technician I,MA,01/07/85,F,Married,US Citizen,No,White,1/10/2011,5/17/2016,attendance,Terminated for Cause,Production       ,Ketsia Liebig,Indeed,Needs Improvement,4/5/2016
10020.0,0.0,4.0,1.0,1.0,5.0,4.0,0.0,63353.0,0.0,19.0,1730.0,12.0,3.6,5.0,0.0,0.0,4.0,"Robinson, Elias",Production Technician I,MA,01/28/85,M ,Widowed,US Citizen,No,White,7/8/2013,0,N/A-StillEmployed,Active,Production       ,Brannon Miller,Employee Referral,Exceeds,2/11/2019
10162.0,1.0,1.0,0.0,1.0,3.0,3.0,0.0,89883.0,0.0,9.0,1886.0,4.0,3.69,5.0,6.0,0.0,15.0,"Roby, Lori ",Data Analyst,MA,10/11/81,F,Married,US Citizen,No,White,2/16/2015,0,N/A-StillEmployed,Active,IT/IS,Simon Roup,Employee Referral,Fully Meets,2/14/2019
10149.0,0.0,0.0,0.0,5.0,3.0,3.0,0.0,120000.0,1.0,29.0,2703.0,4.0,3.88,3.0,7.0,0.0,12.0,"Roehrich, Bianca",Principal Data Architect,MA,05/27/73,F,Single,US Citizen,Yes,White,1/5/2015,11/10/2018,Another position,Voluntarily Terminated,IT/IS,Simon Roup,LinkedIn,Fully Meets,2/13/2018
10086.0,0.0,0.0,0.0,1.0,3.0,3.0,0.0,150290.0,0.0,7.0,2056.0,13.0,4.94,3.0,5.0,0.0,17.0,"Roper, Katie",Data Architect,MA,11/21/72,F,Single,US Citizen,No,Black or African American,1/7/2017,0,N/A-StillEmployed,Active,IT/IS,Brian Champaigne,Indeed,Fully Meets,2/6/2019
10054.0,0.0,3.0,0.0,1.0,5.0,3.0,0.0,60627.0,0.0,19.0,1886.0,14.0,5.0,4.0,0.0,0.0,8.0,"Rose, Ashley  ",Production Technician I,MA,12/05/74,F,Separated,US Citizen,No,White,1/6/2014,0,N/A-StillEmployed,Active,Production       ,David Stanley,Website,Fully Meets,1/31/2019
10065.0,0.0,0.0,1.0,5.0,5.0,3.0,0.0,53180.0,1.0,19.0,2155.0,20.0,5.0,5.0,0.0,0.0,4.0,"Rossetti, Bruno",Production Technician I,MA,03/18/87,M ,Single,US Citizen,No,White,4/4/2011,8/13/2018,Another position,Voluntarily Terminated,Production       ,Kissy Sullivan,Google Search,Fully Meets,7/2/2018
10198.0,0.0,0.0,1.0,1.0,3.0,3.0,0.0,140920.0,0.0,13.0,2481.0,5.0,3.6,5.0,7.0,0.0,13.0,"Roup,Simon",IT Manager - DB,MA,04/05/73,M ,Single,US Citizen,No,White,1/20/2013,0,N/A-StillEmployed,Active,IT/IS,Jennifer Zamora,Indeed,Fully Meets,2/18/2019
10222.0,0.0,2.0,1.0,5.0,3.0,3.0,1.0,148999.0,1.0,13.0,1915.0,5.0,4.3,4.0,6.0,0.0,8.0,"Ruiz, Ricardo",IT Manager - DB,MA,01/04/64,M ,Divorced,US Citizen,No,Black or African American,1/9/2012,11/4/2015,hours,Voluntarily Terminated,IT/IS,Jennifer Zamora,Diversity Job Fair,Fully Meets,1/4/2015
10126.0,1.0,1.0,0.0,1.0,4.0,3.0,0.0,86214.0,0.0,24.0,2132.0,10.0,4.2,3.0,6.0,0.0,2.0,"Saada, Adell",Software Engineer,MA,07/24/86,F,Married,US Citizen,No,White,11/5/2012,0,N/A-StillEmployed,Active,Software Engineering,Alex Sweetwater,Indeed,Fully Meets,2/13/2019
10295.0,0.0,0.0,0.0,2.0,5.0,2.0,1.0,47750.0,0.0,19.0,1801.0,18.0,2.6,4.0,0.0,5.0,4.0,"Saar-Beckles, Melinda",Production Technician I,MA,06/06/68,F,Single,US Citizen,No,Black or African American,7/4/2016,0,N/A-StillEmployed,Active,Production       ,Kelley Spirea,Diversity Job Fair,Needs Improvement,2/18/2019
10260.0,0.0,0.0,1.0,5.0,5.0,3.0,0.0,46428.0,1.0,19.0,2148.0,22.0,4.6,5.0,0.0,0.0,7.0,"Sadki, Nore  ",Production Technician I,MA,12/21/74,M ,Single,US Citizen,No,White,1/5/2009,7/30/2018,relocation out of area,Voluntarily Terminated,Production       ,Michael Albert,Google Search,Fully Meets,2/5/2018
10233.0,1.0,1.0,1.0,1.0,5.0,3.0,0.0,57975.0,0.0,20.0,2062.0,18.0,4.1,3.0,0.0,0.0,13.0,"Sahoo, Adil",Production Technician II,MA,04/26/86,M ,Married,US Citizen,No,White,8/30/2010,0,N/A-StillEmployed,Active,Production       ,Kelley Spirea,CareerBuilder,Fully Meets,1/10/2019
10229.0,0.0,2.0,1.0,5.0,3.0,3.0,0.0,88527.0,1.0,9.0,2452.0,4.0,4.2,3.0,5.0,0.0,2.0,"Salter, Jason",Data Analyst ,MA,12/17/87,M ,Divorced,US Citizen,No,Black or African American,1/5/2015,10/31/2015,hours,Voluntarily Terminated,IT/IS,Simon Roup,LinkedIn,Fully Meets,4/20/2015
10169.0,1.0,1.0,0.0,1.0,5.0,3.0,0.0,56147.0,0.0,19.0,2154.0,16.0,3.51,3.0,0.0,0.0,2.0,"Sander, Kamrin",Production Technician I,MA,07/10/88,F,Married,US Citizen,No,Black or African American,9/29/2014,0,N/A-StillEmployed,Active,Production       ,Elijiah Gray,LinkedIn,Fully Meets,2/18/2019
10071.0,0.0,0.0,0.0,3.0,5.0,3.0,0.0,50923.0,0.0,19.0,2191.0,0.0,5.0,5.0,0.0,0.0,14.0,"Sewkumar, Nori",Production Technician I,MA,03/10/75,F,Single,US Citizen,No,Asian,9/30/2013,0,N/A-StillEmployed,Active,Production       ,Webster Butler,Google Search,Fully Meets,2/6/2019
10179.0,1.0,1.0,0.0,1.0,3.0,3.0,0.0,50750.0,0.0,15.0,1773.0,7.0,3.31,3.0,6.0,0.0,7.0,"Shepard, Anita ",Network Engineer,MA,04/14/81,F,Married,US Citizen,No,White,9/30/2014,0,N/A-StillEmployed,Active,IT/IS,Peter Monroe,LinkedIn,Fully Meets,1/7/2019
10091.0,1.0,1.0,0.0,1.0,5.0,3.0,0.0,52087.0,0.0,19.0,2149.0,11.0,4.81,4.0,0.0,0.0,15.0,"Shields, Seffi",Production Technician I,MA,08/24/85,F,Married,US Citizen,No,White,8/19/2013,0,N/A-StillEmployed,Active,Production       ,Amy Dunn,LinkedIn,Fully Meets,2/15/2019
10178.0,1.0,1.0,1.0,1.0,3.0,3.0,0.0,87826.0,0.0,9.0,2110.0,4.0,3.32,3.0,7.0,0.0,16.0,"Simard, Kramer",Data Analyst,MA,02/08/70,M ,Married,US Citizen,Yes,White,1/5/2015,0,N/A-StillEmployed,Active,IT/IS,Simon Roup,Employee Referral,Fully Meets,1/14/2019
10039.0,0.0,0.0,0.0,1.0,1.0,3.0,0.0,51920.0,0.0,2.0,2330.0,1.0,5.0,3.0,5.0,0.0,2.0,"Singh, Nan ",Administrative Assistant,MA,05/19/88,F,Single,US Citizen,No,White,5/1/2015,0,N/A-StillEmployed,Active,Admin Offices,Brandon R. LeBlanc,Website,Fully Meets,1/15/2019
10095.0,0.0,0.0,0.0,5.0,5.0,3.0,0.0,63878.0,1.0,20.0,1851.0,22.0,4.68,4.0,0.0,0.0,20.0,"Sloan, Constance",Production Technician II,MA,11/25/87,F,Single,US Citizen,No,White,10/26/2009,4/8/2015,maternity leave - did not return,Voluntarily Terminated,Production       ,Michael Albert,CareerBuilder,Fully Meets,4/2/2015
10027.0,0.0,0.0,1.0,1.0,5.0,4.0,0.0,60656.0,0.0,20.0,2045.0,16.0,4.3,3.0,0.0,0.0,4.0,"Smith, Joe",Production Technician II,MA,10/30/63,M ,Single,US Citizen,No,White,9/29/2014,0,N/A-StillEmployed,Active,Production       ,Elijiah Gray,Indeed,Exceeds,1/28/2019
10291.0,0.0,2.0,1.0,1.0,6.0,2.0,1.0,72992.0,0.0,21.0,1886.0,15.0,2.4,4.0,0.0,2.0,16.0,"Smith, John",Sales Manager,MA,08/16/84,M ,Divorced,US Citizen,No,Black or African American,5/18/2014,0,N/A-StillEmployed,Active,Sales,Debra Houlihan,Diversity Job Fair,Needs Improvement,1/16/2019
10153.0,1.0,1.0,0.0,5.0,1.0,3.0,1.0,55000.0,1.0,2.0,1844.0,1.0,3.8,4.0,4.0,0.0,17.0,"Smith, Leigh Ann",Administrative Assistant,MA,06/14/87,F,Married,US Citizen,No,Black or African American,9/26/2011,9/25/2013,career change,Voluntarily Terminated,Admin Offices,Brandon R. LeBlanc,Diversity Job Fair,Fully Meets,8/15/2013
10157.0,0.0,0.0,0.0,1.0,5.0,3.0,0.0,58939.0,0.0,19.0,2130.0,19.0,3.73,3.0,0.0,0.0,16.0,"Smith, Sade",Production Technician I,MA,02/02/65,F,Single,US Citizen,No,White,11/11/2013,0,N/A-StillEmployed,Active,Production       ,Ketsia Liebig,Employee Referral,Fully Meets,1/24/2019
10119.0,1.0,1.0,0.0,1.0,3.0,3.0,0.0,66593.0,0.0,14.0,2360.0,6.0,4.3,3.0,5.0,0.0,19.0,"Soto, Julia ",IT Support,MA,03/12/73,F,Married,US Citizen,No,Black or African American,6/10/2011,0,N/A-StillEmployed,Active,IT/IS,Eric Dougall,LinkedIn,Fully Meets,2/8/2019
10180.0,1.0,1.0,1.0,2.0,3.0,3.0,0.0,87565.0,0.0,28.0,1545.0,7.0,3.27,4.0,5.0,0.0,13.0,"Soze, Keyser",Sr. Network Engineer,MA,02/09/83,M ,Married,US Citizen,No,Asian,6/30/2016,0,N/A-StillEmployed,Active,IT/IS,Peter Monroe,LinkedIn,Fully Meets,1/14/2019
10302.0,1.0,1.0,0.0,1.0,5.0,1.0,0.0,64021.0,0.0,19.0,2093.0,12.0,2.4,2.0,1.0,6.0,20.0,"Sparks, Taylor  ",Production Technician I,MA,07/20/68,F,Married,US Citizen,No,White,2/20/2012,0,N/A-StillEmployed,Active,Production       ,Brannon Miller,Indeed,PIP,2/25/2019
10090.0,1.0,1.0,0.0,1.0,5.0,3.0,0.0,65714.0,0.0,18.0,2451.0,2.0,4.83,5.0,0.0,0.0,15.0,"Spirea, Kelley",Production Manager,MA,09/30/75,F,Married,US Citizen,No,White,10/2/2012,0,N/A-StillEmployed,Active,Production       ,Janet King,LinkedIn,Fully Meets,2/14/2019
10030.0,0.0,2.0,0.0,5.0,5.0,4.0,0.0,62425.0,1.0,19.0,2359.0,14.0,4.1,4.0,0.0,0.0,16.0,"Squatrito, Kristen",Production Technician I,MA,03/26/73,F,Divorced,US Citizen,No,White,5/13/2013,6/29/2015,unhappy,Voluntarily Terminated,Production       ,David Stanley,LinkedIn,Exceeds,3/2/2015
10278.0,0.0,2.0,0.0,1.0,5.0,3.0,0.0,47961.0,0.0,19.0,2050.0,20.0,4.1,4.0,0.0,0.0,9.0,"Stanford,Barbara  M",Production Technician I,MA,08/25/82,F,Divorced,US Citizen,No,Two or more races,1/10/2011,0,N/A-StillEmployed,Active,Production       ,Kissy Sullivan,Google Search,Fully Meets,2/7/2019
10307.0,1.0,1.0,1.0,1.0,6.0,1.0,0.0,58273.0,0.0,3.0,89139.0,21.0,1.81,2.0,0.0,3.0,5.0,"Stansfield, Norman",Area Sales Manager,NV,05/09/74,M ,Married,US Citizen,No,White,5/12/2014,0,N/A-StillEmployed,Active,Sales,Lynn Daneault,Website,PIP,1/17/2019
10147.0,0.0,0.0,1.0,1.0,1.0,3.0,0.0,63003.0,0.0,1.0,2703.0,1.0,3.9,5.0,5.0,0.0,9.0,"Steans, Tyrone  ",Accountant I,MA,09/01/86,M ,Single,US Citizen,No,White,9/29/2014,0,N/A-StillEmployed,Active,Admin Offices,Brandon R. LeBlanc,Indeed,Fully Meets,1/18/2019
10266.0,1.0,1.0,1.0,1.0,5.0,3.0,0.0,61355.0,0.0,19.0,2301.0,18.0,4.7,3.0,0.0,0.0,4.0,"Stoica, Rick",Production Technician I,MA,03/14/85,M ,Married,US Citizen,No,Asian,2/17/2014,0,N/A-StillEmployed,Active,Production       ,Kelley Spirea,LinkedIn,Fully Meets,1/11/2019
10241.0,1.0,1.0,0.0,1.0,6.0,3.0,0.0,60120.0,0.0,3.0,59102.0,17.0,4.1,4.0,0.0,0.0,18.0,"Strong, Caitrin",Area Sales Manager,MT,05/12/89,F,Married,US Citizen,No,Black or African American,9/27/2010,0,N/A-StillEmployed,Active,Sales,John Smith,Indeed,Fully Meets,1/31/2019
10158.0,1.0,1.0,0.0,1.0,5.0,3.0,0.0,63682.0,0.0,18.0,1776.0,2.0,3.73,4.0,0.0,0.0,12.0,"Sullivan, Kissy ",Production Manager,MA,03/28/78,F,Married,US Citizen,No,Black or African American,1/8/2009,0,N/A-StillEmployed,Active,Production       ,Janet King,Indeed,Fully Meets,1/24/2019
10117.0,1.0,1.0,1.0,1.0,5.0,3.0,0.0,63025.0,0.0,19.0,2747.0,22.0,4.36,5.0,0.0,0.0,10.0,"Sullivan, Timothy",Production Technician I,MA,10/07/82,M ,Married,US Citizen,Yes,White,1/5/2015,0,N/A-StillEmployed,Active,Production       ,Michael Albert,Google Search,Fully Meets,1/24/2019
10209.0,0.0,0.0,0.0,1.0,5.0,3.0,0.0,59238.0,0.0,19.0,2718.0,16.0,3.4,5.0,0.0,0.0,13.0,"Sutwell, Barbara",Production Technician I,MA,08/15/68,F,Single,Eligible NonCitizen,No,Asian,5/14/2012,0,N/A-StillEmployed,Active,Production       ,Elijiah Gray,Indeed,Fully Meets,1/31/2019
10024.0,0.0,0.0,1.0,1.0,4.0,4.0,0.0,92989.0,0.0,24.0,2140.0,10.0,4.5,5.0,5.0,0.0,1.0,"Szabo, Andrew",Software Engineer,MA,05/06/83,M ,Single,US Citizen,No,White,7/7/2014,0,N/A-StillEmployed,Active,Software Engineering,Alex Sweetwater,LinkedIn,Exceeds,2/18/2019
10173.0,1.0,1.0,1.0,1.0,3.0,3.0,0.0,90100.0,0.0,4.0,2134.0,13.0,3.4,3.0,6.0,0.0,14.0,"Tannen, Biff",BI Developer,MA,10/24/87,M ,Married,US Citizen,No,White,4/20/2017,0,N/A-StillEmployed,Active,IT/IS,Brian Champaigne,Indeed,Fully Meets,1/2/2019
10221.0,1.0,1.0,0.0,5.0,5.0,3.0,1.0,60754.0,1.0,19.0,1801.0,39.0,4.5,5.0,0.0,0.0,11.0,"Tavares, Desiree  ",Production Technician I,MA,04/03/75,F,Married,Non-Citizen,No,Black or African American,4/27/2009,4/1/2013,Another position,Voluntarily Terminated,Production       ,Webster Butler,Diversity Job Fair,Fully Meets,2/15/2012
10146.0,1.0,1.0,0.0,5.0,5.0,3.0,0.0,72202.0,1.0,20.0,2129.0,16.0,3.93,3.0,0.0,0.0,3.0,"Tejeda, Lenora ",Production Technician II,MA,05/24/53,F,Married,US Citizen,No,White,5/16/2011,7/8/2017,Another position,Voluntarily Terminated,Production       ,Elijiah Gray,Google Search,Fully Meets,4/18/2017
10161.0,0.0,0.0,0.0,1.0,6.0,3.0,0.0,58370.0,0.0,3.0,97756.0,21.0,3.69,3.0,0.0,0.0,18.0,"Terry, Sharlene ",Area Sales Manager,OR,05/07/65,F,Single,US Citizen,No,Black or African American,9/29/2014,0,N/A-StillEmployed,Active,Sales,Lynn Daneault,Indeed,Fully Meets,1/28/2019
10141.0,0.0,0.0,0.0,5.0,5.0,3.0,0.0,48413.0,1.0,19.0,2066.0,11.0,3.98,4.0,0.0,0.0,1.0,"Theamstern, Sophia",Production Technician I,MA,05/09/65,F,Single,US Citizen,No,White,7/5/2011,9/5/2016,return to school,Voluntarily Terminated,Production       ,Amy Dunn,Indeed,Fully Meets,3/2/2016
10268.0,0.0,4.0,1.0,5.0,5.0,3.0,0.0,67176.0,1.0,20.0,2472.0,39.0,4.1,4.0,0.0,0.0,15.0,"Thibaud, Kenneth",Production Technician II,MA,09/16/75,M ,Widowed,US Citizen,No,White,6/25/2007,8/30/2010,military,Voluntarily Terminated,Production       ,Webster Butler,Other,Fully Meets,7/14/2010
10123.0,0.0,2.0,0.0,1.0,5.0,3.0,0.0,56339.0,0.0,19.0,2093.0,12.0,4.21,5.0,0.0,0.0,4.0,"Tippett, Jeanette",Production Technician I,MA,06/05/67,F,Divorced,US Citizen,No,Black or African American,2/18/2013,0,N/A-StillEmployed,Active,Production       ,Brannon Miller,Indeed,Fully Meets,1/14/2019
10013.0,0.0,3.0,1.0,1.0,6.0,4.0,0.0,64397.0,0.0,3.0,58782.0,21.0,4.1,3.0,0.0,0.0,6.0,"Torrence, Jack",Area Sales Manager,ND,01/15/68,M ,Separated,US Citizen,No,White,1/9/2006,0,N/A-StillEmployed,Active,Sales,Lynn Daneault,Indeed,Exceeds,1/4/2019
10287.0,0.0,0.0,0.0,1.0,5.0,2.0,0.0,63025.0,0.0,19.0,2021.0,14.0,2.44,5.0,0.0,4.0,18.0,"Trang, Mei",Production Technician I,MA,05/16/83,F,Single,US Citizen,No,White,2/17/2014,0,N/A-StillEmployed,Active,Production       ,David Stanley,LinkedIn,Needs Improvement,2/11/2019
10044.0,1.0,1.0,1.0,5.0,3.0,3.0,0.0,75281.0,1.0,15.0,1420.0,7.0,5.0,3.0,5.0,0.0,11.0,"Tredinnick, Neville ",Network Engineer,MA,05/05/88,M ,Married,US Citizen,No,White,1/5/2015,2/12/2016,medical issues,Voluntarily Terminated,IT/IS,Peter Monroe,CareerBuilder,Fully Meets,4/15/2015
10102.0,0.0,0.0,1.0,5.0,4.0,3.0,1.0,100416.0,1.0,24.0,2451.0,10.0,4.6,3.0,4.0,0.0,9.0,"True, Edward",Software Engineer,MA,06/14/83,M ,Single,Non-Citizen,No,Black or African American,2/18/2013,4/15/2018,medical issues,Voluntarily Terminated,Software Engineering,Alex Sweetwater,Diversity Job Fair,Fully Meets,2/12/2017
10270.0,0.0,0.0,0.0,5.0,5.0,3.0,0.0,74813.0,1.0,20.0,1778.0,11.0,4.4,3.0,0.0,0.0,5.0,"Trzeciak, Cybil",Production Technician II,MA,03/15/85,F,Single,US Citizen,No,White,1/10/2011,7/2/2014,unhappy,Voluntarily Terminated,Production       ,Amy Dunn,LinkedIn,Fully Meets,1/5/2014
10045.0,1.0,1.0,1.0,1.0,3.0,3.0,0.0,76029.0,0.0,15.0,2343.0,7.0,5.0,4.0,7.0,0.0,8.0,"Turpin, Jumil",Network Engineer,MA,03/31/69,M ,Married,Eligible NonCitizen,No,White,3/30/2015,0,N/A-StillEmployed,Active,IT/IS,Peter Monroe,Employee Referral,Fully Meets,1/14/2019
10205.0,1.0,1.0,0.0,1.0,6.0,3.0,0.0,57859.0,0.0,3.0,85006.0,17.0,2.81,3.0,0.0,0.0,16.0,"Valentin,Jackie",Area Sales Manager,AZ,05/23/91,F,Married,US Citizen,No,Two or more races,7/5/2011,0,N/A-StillEmployed,Active,Sales,John Smith,Indeed,Fully Meets,1/17/2019
10014.0,0.0,2.0,1.0,5.0,5.0,4.0,0.0,58523.0,1.0,19.0,2171.0,20.0,4.5,5.0,0.0,0.0,15.0,"Veera, Abdellah ",Production Technician I,MA,01/31/87,M ,Divorced,US Citizen,No,White,8/13/2012,2/5/2016,maternity leave - did not return,Voluntarily Terminated,Production       ,Kissy Sullivan,LinkedIn,Exceeds,2/1/2016
10144.0,0.0,2.0,1.0,1.0,5.0,3.0,0.0,88976.0,0.0,17.0,2169.0,2.0,3.93,3.0,0.0,0.0,19.0,"Vega, Vincent",Production Manager,MA,10/10/68,M ,Divorced,US Citizen,No,White,8/1/2011,0,N/A-StillEmployed,Active,Production       ,Janet King,Employee Referral,Fully Meets,2/27/2019
10253.0,0.0,0.0,1.0,1.0,6.0,3.0,0.0,55875.0,0.0,3.0,4063.0,17.0,4.5,4.0,0.0,0.0,11.0,"Villanueva, Noah",Area Sales Manager,ME,07/11/89,M ,Single,US Citizen,No,Asian,3/5/2012,0,N/A-StillEmployed,Active,Sales,John Smith,Website,Fully Meets,1/18/2019
10118.0,1.0,1.0,1.0,4.0,3.0,3.0,0.0,113999.0,1.0,8.0,1960.0,4.0,4.33,3.0,7.0,0.0,9.0,"Voldemort, Lord",Database Administrator,MA,08/07/86,M ,Married,US Citizen,No,Black or African American,2/16/2015,2/22/2017,"no-call, no-show",Terminated for Cause,IT/IS,Simon Roup,Employee Referral,Fully Meets,2/15/2017
10022.0,1.0,1.0,0.0,4.0,5.0,4.0,0.0,49773.0,1.0,19.0,2747.0,18.0,4.3,5.0,0.0,0.0,18.0,"Volk, Colleen",Production Technician I,MA,06/03/86,F,Married,US Citizen,No,White,9/26/2011,2/8/2016,gross misconduct,Terminated for Cause,Production       ,Kelley Spirea,Google Search,Exceeds,2/1/2015
10183.0,0.0,0.0,0.0,2.0,5.0,3.0,0.0,62068.0,0.0,19.0,2124.0,22.0,3.21,3.0,0.0,0.0,7.0,"Von Massenbach, Anna",Production Technician I,MA,04/06/85,F,Single,US Citizen,No,White,7/5/2015,0,N/A-StillEmployed,Active,Production       ,Michael Albert,LinkedIn,Fully Meets,1/29/2019
10190.0,0.0,0.0,1.0,1.0,5.0,3.0,0.0,66541.0,0.0,20.0,2459.0,19.0,3.11,5.0,0.0,0.0,4.0,"Walker, Roger",Production Technician II,MA,02/10/76,M ,Single,US Citizen,No,Black or African American,8/18/2014,0,N/A-StillEmployed,Active,Production       ,Ketsia Liebig,Employee Referral,Fully Meets,2/12/2019
10274.0,1.0,1.0,0.0,5.0,5.0,3.0,1.0,80512.0,1.0,18.0,2478.0,2.0,4.5,3.0,0.0,0.0,5.0,"Wallace, Courtney  E",Production Manager,MA,11/14/55,F,Married,US Citizen,No,Black or African American,9/26/2011,1/2/2012,Another position,Voluntarily Terminated,Production       ,Janet King,Diversity Job Fair,Fully Meets,1/2/2012
10293.0,0.0,0.0,0.0,5.0,5.0,2.0,0.0,50274.0,1.0,19.0,1887.0,16.0,2.5,3.0,0.0,6.0,13.0,"Wallace, Theresa",Production Technician I,MA,08/02/80,F,Single,US Citizen,No,White,8/13/2012,9/1/2015,career change,Voluntarily Terminated,Production       ,Elijiah Gray,CareerBuilder,Needs Improvement,9/5/2014
10172.0,0.0,0.0,1.0,1.0,3.0,3.0,0.0,84903.0,0.0,22.0,1887.0,13.0,3.42,4.0,7.0,0.0,17.0,"Wang, Charlie",Senior BI Developer,MA,07/08/81,M ,Single,US Citizen,No,Asian,2/15/2017,0,N/A-StillEmployed,Active,IT/IS,Brian Champaigne,Indeed,Fully Meets,1/4/2019
10127.0,0.0,4.0,0.0,1.0,3.0,3.0,0.0,107226.0,0.0,28.0,2453.0,7.0,4.2,4.0,8.0,0.0,7.0,"Warfield, Sarah",Sr. Network Engineer,MA,05/02/78,F,Widowed,US Citizen,No,Asian,3/30/2015,0,N/A-StillEmployed,Active,IT/IS,Peter Monroe,Employee Referral,Fully Meets,2/5/2019
10072.0,0.0,0.0,1.0,5.0,5.0,3.0,0.0,58371.0,1.0,19.0,2030.0,39.0,5.0,5.0,0.0,0.0,11.0,"Whittier, Scott",Production Technician I,MA,05/24/87,M ,Single,US Citizen,Yes,White,1/10/2011,5/15/2014,hours,Voluntarily Terminated,Production       ,Webster Butler,LinkedIn,Fully Meets,5/15/2014
10048.0,1.0,1.0,1.0,5.0,5.0,3.0,0.0,55140.0,1.0,19.0,2324.0,11.0,5.0,3.0,0.0,0.0,7.0,"Wilber, Barry",Production Technician I,MA,09/09/65,M ,Married,Eligible NonCitizen,No,White,5/16/2011,9/7/2015,unhappy,Voluntarily Terminated,Production       ,Amy Dunn,Website,Fully Meets,2/15/2015
10204.0,0.0,2.0,0.0,5.0,5.0,3.0,0.0,58062.0,1.0,19.0,1876.0,19.0,3.6,5.0,0.0,0.0,9.0,"Wilkes, Annie",Production Technician I,MA,07/30/83,F,Divorced,US Citizen,No,White,1/10/2011,5/14/2012,Another position,Voluntarily Terminated,Production       ,Ketsia Liebig,Google Search,Fully Meets,2/6/2011
10264.0,0.0,0.0,0.0,5.0,5.0,3.0,1.0,59728.0,1.0,19.0,2109.0,19.0,4.3,4.0,0.0,0.0,16.0,"Williams, Jacquelyn  ",Production Technician I,MA,10/02/69,F,Single,US Citizen,Yes,Black or African American,1/9/2012,6/27/2015,relocation out of area,Voluntarily Terminated,Production       ,Ketsia Liebig,Diversity Job Fair,Fully Meets,6/2/2014
10033.0,0.0,0.0,1.0,5.0,5.0,4.0,0.0,70507.0,1.0,20.0,2045.0,12.0,5.0,3.0,0.0,0.0,7.0,"Winthrop, Jordan  ",Production Technician II,MA,11/07/58,M ,Single,US Citizen,No,White,1/7/2013,2/21/2016,retiring,Voluntarily Terminated,Production       ,Brannon Miller,LinkedIn,Exceeds,1/19/2016
10174.0,0.0,0.0,0.0,1.0,5.0,3.0,0.0,60446.0,0.0,20.0,2302.0,14.0,3.4,4.0,0.0,0.0,14.0,"Wolk, Hang  T",Production Technician II,MA,04/20/85,F,Single,US Citizen,No,White,9/29/2014,0,N/A-StillEmployed,Active,Production       ,David Stanley,LinkedIn,Fully Meets,2/21/2019
10135.0,0.0,0.0,1.0,1.0,5.0,3.0,0.0,65893.0,0.0,20.0,1810.0,20.0,4.07,4.0,0.0,0.0,13.0,"Woodson, Jason",Production Technician II,MA,05/11/85,M ,Single,US Citizen,No,White,7/7/2014,0,N/A-StillEmployed,Active,Production       ,Kissy Sullivan,LinkedIn,Fully Meets,2/28/2019
10301.0,0.0,0.0,0.0,5.0,5.0,1.0,0.0,48513.0,1.0,19.0,2458.0,12.0,3.2,2.0,0.0,5.0,4.0,"Ybarra, Catherine ",Production Technician I,MA,05/04/82,F,Single,US Citizen,No,Asian,9/2/2008,9/29/2015,Another position,Voluntarily Terminated,Production       ,Brannon Miller,Google Search,PIP,9/2/2015
10010.0,0.0,0.0,0.0,1.0,3.0,4.0,0.0,220450.0,0.0,6.0,2067.0,2.0,4.6,5.0,6.0,0.0,16.0,"Zamora, Jennifer",CIO,MA,08/30/79,F,Single,US Citizen,No,White,4/10/2010,0,N/A-StillEmployed,Active,IT/IS,Janet King,Employee Referral,Exceeds,2/21/2019
10043.0,0.0,0.0,0.0,1.0,3.0,3.0,0.0,89292.0,0.0,9.0,2148.0,4.0,5.0,3.0,5.0,0.0,11.0,"Zhou, Julia",Data Analyst,MA,02/24/79,F,Single,US Citizen,No,White,3/30/2015,0,N/A-StillEmployed,Active,IT/IS,Simon Roup,Employee Referral,Fully Meets,2/1/2019
10271.0,0.0,4.0,0.0,1.0,5.0,3.0,0.0,45046.0,0.0,19.0,1730.0,14.0,4.5,5.0,0.0,0.0,2.0,"Zima, Colleen",Production Technician I,MA,08/17/78,F,Widowed,US Citizen,No,Asian,9/29/2014,0,N/A-StillEmployed,Active,Production       ,David Stanley,LinkedIn,Fully Meets,1/30/2019
